,Date,Number,Line,Sample,No leaves,Diameter,Perpendicular,Height,Average Leaf Thickness
0,2024-09-07,1,1,RWGRB5,10,14.5,10.4,9.5,0.0
1,2024-09-07,2,1,RWGRA3,10,10.9,9.7,9.8,0.0
2,2024-09-07,3,1,RWGRC1,13,15.8,13.9,9.4,0.0
3,2024-09-07,4,1,RWGRA2,10,12.1,7.2,9.5,0.0
4,2024-09-07,5,1,RWGRB3,11,14.2,10.5,12.5,0.0
5,2024-09-07,6,1,RWGRA4,10,11.7,9.4,10.1,0.0
6,2024-09-07,7,1,RWGRC3,12,11.1,9.6,11.5,0.0
7,2024-09-07,8,1,RWGRA5,10,11.3,10.8,7.8,0.0
8,2024-09-07,9,2,RWGRC2,12,15.2,12.1,12.3,0.0
9,2024-09-07,10,2,RWGRB4,10,12.5,13.2,14.6,0.0
10,2024-09-07,11,2,RWGRC5,12,13.1,10.4,12.6,0.0
11,2024-09-07,12,2,RWGRB1,11,12.3,9.8,11.9,0.0
12,2024-09-07,13,2,RWGRC4,11,14.9,12.8,12.5,0.0
13,2024-09-07,14,2,RWGRB2,7,12.3,7.5,13.2,0.0
14,2024-09-07,15,2,RWGRA1,12,12.4,10.8,11.6,0.0
15,2024-09-07,16,3,RNGRA3,9,9.8,9.7,10.7,0.0
16,2024-09-07,17,3,RNGRB5,12,12.6,12.0,14.2,0.0
17,2024-09-07,18,3,RNGRC4,11,15.2,13.1,10.9,0.0
18,2024-09-07,19,3,RNGRA1,12,12.9,11.1,11.8,0.0
19,2024-09-07,20,3,RNGRC5,12,15.5,12.9,10.5,0.0
20,2024-09-07,21,3,RNGRB2,10,14.4,12.3,9.4,0.0
21,2024-09-07,22,3,RNGRA2,10,11.6,10.9,9.3,0.0
22,2024-09-07,23,4,RNROB2,6,11.1,8.2,8.7,0.0
23,2024-09-07,24,4,RNROC3,7,11.4,10.2,9.7,0.0
24,2024-09-07,25,4,RNROA5,4,9.7,5.2,8.1,0.0
25,2024-09-07,26,4,RNROC5,7,10.9,8.4,7.6,0.0
26,2024-09-07,27,4,RNROB3,5,11.4,10.2,9.6,0.0
27,2024-09-07,28,4,RNROA1,3,6.5,4.3,5.1,0.0
28,2024-09-07,29,4,RNROC1,5,11.7,7.9,9.2,0.0
29,2024-09-07,30,5,RNGRC1,11,13.4,13.1,13.8,0.0
30,2024-09-07,31,5,RNGRB3,10,13.3,9.5,9.9,0.0
31,2024-09-07,32,5,RNGRA5,7,10.2,6.8,9.5,0.0
32,2024-09-07,33,5,RNGRB1,9,11.8,9.9,9.4,0.0
33,2024-09-07,34,5,RNGRC3,12,13.8,12.6,10.9,0.0
34,2024-09-07,35,5,RNGRB4,10,11.3,9.8,10.4,0.0
35,2024-09-07,36,5,RNGRA4,7,8.9,7.7,6.9,0.0
36,2024-09-07,37,5,RNGRC2,11,15.4,12.2,12.5,0.0
37,2024-09-07,38,6,RNROB1,3,6.2,5.1,8.7,0.0
38,2024-09-07,39,6,RNROA4,6,12.2,8.5,10.1,0.0
39,2024-09-07,40,6,RNROC2,7,14.8,12.1,11.3,0.0
40,2024-09-07,41,6,RNROA3,5,12.9,11.2,11.4,0.0
41,2024-09-07,42,6,RNROB5,3,7.3,4.8,9.2,0.0
42,2024-09-07,43,6,RNROA2,6,12.4,10.7,8.5,0.0
43,2024-09-07,44,6,RNROC4,6,12.1,10.8,11.3,0.0
44,2024-09-07,45,6,RNROB4,7,13.4,9.7,12.5,0.0
45,2024-09-11,1,1,RWGRB5,12,17.5,16.2,11.1,0.0
46,2024-09-11,2,1,RWGRA3,10,12.5,10.7,11.8,0.0
47,2024-09-11,3,1,RWGRC1,15,16.1,14.8,11.3,0.0
48,2024-09-11,4,1,RWGRA2,10,12.4,12.3,10.8,0.0
49,2024-09-11,5,1,RWGRB3,13,15.2,13.5,11.8,0.0
50,2024-09-11,6,1,RWGRA4,11,16.2,11.8,11.1,0.0
51,2024-09-11,7,1,RWGRC3,15,15.1,14.7,13.2,0.0
52,2024-09-11,8,1,RWGRA5,11,12.6,12.2,9.4,0.0
53,2024-09-11,9,2,RWGRC2,14,21.3,16.4,12.8,0.0
54,2024-09-11,10,2,RWGRB4,10,22.1,14.7,15.2,0.0
55,2024-09-11,11,2,RWGRC5,16,14.4,14.2,12.3,0.0
56,2024-09-11,12,2,RWGRB1,12,16.5,13.2,13.3,0.0
57,2024-09-11,13,2,RWGRC4,13,16.2,14.9,13.1,0.0
58,2024-09-11,14,2,RWGRB2,10,16.1,12.2,11.1,0.0
59,2024-09-11,15,2,RWGRA1,12,13.8,12.7,11.2,0.0
60,2024-09-11,16,3,RNGRA3,12,14.3,12.3,12.8,0.0
61,2024-09-11,17,3,RNGRB5,14,19.7,15.8,15.8,0.0
62,2024-09-11,18,3,RNGRC4,12,16.8,15.7,12.8,0.0
63,2024-09-11,19,3,RNGRA1,15,14.2,13.2,12.8,0.0
64,2024-09-11,20,3,RNGRC5,14,19.7,12.5,12.8,0.0
65,2024-09-11,21,3,RNGRB2,14,16.1,13.5,12.2,0.0
66,2024-09-11,22,3,RNGRA2,13,17.3,13.8,10.3,0.0
67,2024-09-11,23,4,RNROB2,6,14.1,7.9,11.5,0.0
68,2024-09-11,24,4,RNROC3,9,14.2,14.8,12.8,0.0
69,2024-09-11,25,4,RNROA5,6,12.4,8.3,7.8,0.0
70,2024-09-11,26,4,RNROC5,9,14.3,12.5,10.8,0.0
71,2024-09-11,27,4,RNROB3,8,14.4,13.2,11.1,0.0
72,2024-09-11,28,4,RNROA1,3,8.6,7.2,5.5,0.0
73,2024-09-11,29,4,RNROC1,8,14.3,12.1,9.6,0.0
74,2024-09-11,30,5,RNGRC1,15,18.9,12.6,12.8,0.0
75,2024-09-11,31,5,RNGRB3,12,17.2,11.3,12.8,0.0
76,2024-09-11,32,5,RNGRA5,10,15.5,10.2,11.9,0.0
77,2024-09-11,33,5,RNGRB1,11,15.4,13.8,11.6,0.0
78,2024-09-11,34,5,RNGRC3,13,17.8,15.5,13.2,0.0
79,2024-09-11,35,5,RNGRB4,12,16.1,13.2,11.3,0.0
80,2024-09-11,36,5,RNGRA4,8,11.9,8.6,9.7,0.0
81,2024-09-11,37,5,RNGRC2,11,20.4,13.8,14.1,0.0
82,2024-09-11,38,6,RNROB1,4,8.4,7.6,7.9,0.0
83,2024-09-11,39,6,RNROA4,8,16.9,13.2,10.6,0.0
84,2024-09-11,40,6,RNROC2,9,17.8,12.1,12.1,0.0
85,2024-09-11,41,6,RNROA3,8,16.8,12.7,10.5,0.0
86,2024-09-11,42,6,RNROB5,6,13.1,9.6,7.5,0.0
87,2024-09-11,43,6,RNROA2,7,13.4,11.5,9.6,0.0
88,2024-09-11,44,6,RNROC4,8,12.8,11.9,9.6,0.0
89,2024-09-11,45,6,RNROB4,8,14.6,14.3,12.1,0.0
90,2024-09-14,1,1,RWGRB5,13,19.1,16.8,10.4,0.0
91,2024-09-14,2,1,RWGRA3,13,17.8,15.1,11.3,0.0
92,2024-09-14,3,1,RWGRC1,17,18.1,18.5,9.7,0.0
93,2024-09-14,4,1,RWGRA2,14,16.2,16.5,10.2,0.0
94,2024-09-14,5,1,RWGRB3,11,20.5,17.6,10.1,0.0
95,2024-09-14,6,1,RWGRA4,11,19.5,14.2,8.7,0.0
96,2024-09-14,7,1,RWGRC3,13,18.1,16.5,10.2,0.0
97,2024-09-14,8,1,RWGRA5,14,17.3,14.2,9.7,0.0
98,2024-09-14,9,2,RWGRC2,16,20.9,19.6,11.5,0.0
99,2024-09-14,10,2,RWGRB4,14,23.6,20.7,12.2,0.0
100,2024-09-14,11,2,RWGRC5,13,19.2,18.1,11.8,0.0
101,2024-09-14,12,2,RWGRB1,12,20.1,19.8,12.2,0.0
102,2024-09-14,13,2,RWGRC4,14,18.9,19.6,10.7,0.0
103,2024-09-14,14,2,RWGRB2,11,14.7,11.7,10.2,0.0
104,2024-09-14,15,2,RWGRA1,15,17.9,17.1,11.4,0.0
105,2024-09-14,16,3,RNGRA3,12,21.2,13.8,12.5,0.0
106,2024-09-14,17,3,RNGRB5,13,23.6,22.4,12.8,0.0
107,2024-09-14,18,3,RNGRC4,15,21.5,20.4,13.1,0.0
108,2024-09-14,19,3,RNGRA1,13,17.5,15.6,11.8,0.0
109,2024-09-14,20,3,RNGRC5,14,21.1,17.8,12.2,0.0
110,2024-09-14,21,3,RNGRB2,12,18.4,18.9,11.9,0.0
111,2024-09-14,22,3,RNGRA2,12,21.2,17.7,10.2,0.0
112,2024-09-14,23,4,RNROB2,9,18.8,14.1,11.6,0.0
113,2024-09-14,24,4,RNROC3,9,16.4,15.8,11.2,0.0
114,2024-09-14,25,4,RNROA5,7,13.3,11.2,8.1,0.0
115,2024-09-14,26,4,RNROC5,9,16.7,15.8,11.2,0.0
116,2024-09-14,27,4,RNROB3,8,18.7,15.2,9.6,0.0
117,2024-09-14,28,4,RNROA1,5,9.6,7.8,7.1,0.0
118,2024-09-14,29,4,RNROC1,9,15.3,12.5,11.2,0.0
119,2024-09-14,30,5,RNGRC1,15,20.7,19.2,13.4,0.0
120,2024-09-14,31,5,RNGRB3,14,21.1,16.4,13.8,0.0
121,2024-09-14,32,5,RNGRA5,11,15.4,17.1,12.8,0.0
122,2024-09-14,33,5,RNGRB1,12,21.2,17.4,13.6,0.0
123,2024-09-14,34,5,RNGRC3,14,20.2,22.4,13.1,0.0
124,2024-09-14,35,5,RNGRB4,15,19.4,17.8,11.4,0.0
125,2024-09-14,36,5,RNGRA4,10,15.4,12.7,12.9,0.0
126,2024-09-14,37,5,RNGRC2,12,17.9,20.2,13.3,0.0
127,2024-09-14,38,6,RNROB1,5,10.4,9.7,7.9,0.0
128,2024-09-14,39,6,RNROA4,9,17.8,17.4,11.2,0.0
129,2024-09-14,40,6,RNROC2,10,20.1,14.5,12.8,0.0
130,2024-09-14,41,6,RNROA3,9,19.2,13.8,10.4,0.0
131,2024-09-14,42,6,RNROB5,8,14.1,11.9,11.4,0.0
132,2024-09-14,43,6,RNROA2,9,16.4,14.2,10.4,0.0
133,2024-09-14,44,6,RNROC4,10,16.3,15.7,10.8,0.0
134,2024-09-14,45,6,RNROB4,11,19.4,16.8,12.5,0.0
135,2024-09-17,1,1,RWGRB5,13,21.4,19.3,11.6,0.0
136,2024-09-17,2,1,RWGRA3,13,17.6,15.8,10.9,0.0
137,2024-09-17,3,1,RWGRC1,15,19.6,19.2,10.2,0.0
138,2024-09-17,4,1,RWGRA2,13,17.2,15.5,11.1,0.0
139,2024-09-17,5,1,RWGRB3,11,22.2,20.2,9.5,0.0
140,2024-09-17,6,1,RWGRA4,10,18.1,16.2,10.2,0.0
141,2024-09-17,7,1,RWGRC3,15,20.2,16.3,10.8,0.0
142,2024-09-17,8,1,RWGRA5,13,19.8,17.7,11.8,0.0
143,2024-09-17,9,2,RWGRC2,15,22.8,21.2,13.2,0.0
144,2024-09-17,10,2,RWGRB4,16,27.1,23.8,14.2,0.0
145,2024-09-17,11,2,RWGRC5,15,19.8,20.4,11.8,0.0
146,2024-09-17,12,2,RWGRB1,17,22.5,22.3,12.5,0.0
147,2024-09-17,13,2,RWGRC4,14,22.1,19.8,11.8,0.0
148,2024-09-17,14,2,RWGRB2,12,15.6,12.2,9.1,0.0
149,2024-09-17,15,2,RWGRA1,15,20.2,18.7,10.3,0.0
150,2024-09-17,16,3,RNGRA3,14,21.5,16.8,11.3,0.0
151,2024-09-17,17,3,RNGRB5,16,23.8,23.2,14.2,0.0
152,2024-09-17,18,3,RNGRC4,16,23.1,20.8,11.8,0.0
153,2024-09-17,19,3,RNGRA1,16,20.3,17.3,13.2,0.0
154,2024-09-17,20,3,RNGRC5,15,23.3,18.2,12.9,0.0
155,2024-09-17,21,3,RNGRB2,15,23.4,19.6,11.5,0.0
156,2024-09-17,22,3,RNGRA2,13,20.8,19.6,12.5,0.0
157,2024-09-17,23,4,RNROB2,10,19.8,15.7,9.9,0.0
158,2024-09-17,24,4,RNROC3,10,20.4,16.2,12.1,0.0
159,2024-09-17,25,4,RNROA5,7,15.3,13.8,10.1,0.0
160,2024-09-17,26,4,RNROC5,11,18.3,16.2,11.1,0.0
161,2024-09-17,27,4,RNROB3,9,20.5,15.6,10.4,0.0
162,2024-09-17,28,4,RNROA1,4,9.8,8.1,7.9,0.0
163,2024-09-17,29,4,RNROC1,9,18.4,17.1,10.3,0.0
164,2024-09-17,30,5,RNGRC1,16,21.8,19.7,14.2,0.0
165,2024-09-17,31,5,RNGRB3,16,23.2,19.7,15.1,0.0
166,2024-09-17,32,5,RNGRA5,14,20.4,18.2,12.8,0.0
167,2024-09-17,33,5,RNGRB1,15,21.3,19.5,13.4,0.0
168,2024-09-17,34,5,RNGRC3,16,21.7,21.5,13.1,0.0
169,2024-09-17,35,5,RNGRB4,15,19.9,20.7,13.2,0.0
170,2024-09-17,36,5,RNGRA4,11,19.2,15.5,12.1,0.0
171,2024-09-17,37,5,RNGRC2,13,23.4,20.6,13.1,0.0
172,2024-09-17,38,6,RNROB1,6,12.6,11.5,8.4,0.0
173,2024-09-17,39,6,RNROA4,9,19.4,15.5,10.8,0.0
174,2024-09-17,40,6,RNROC2,10,21.8,16.1,11.3,0.0
175,2024-09-17,41,6,RNROA3,10,18.8,14.6,10.1,0.0
176,2024-09-17,42,6,RNROB5,9,15.7,13.1,11.9,0.0
177,2024-09-17,43,6,RNROA2,11,16.8,15.9,9.9,0.0
178,2024-09-17,44,6,RNROC4,10,19.6,17.7,12.1,0.0
179,2024-09-17,45,6,RNROB4,12,20.6,17.1,12.3,0.0
180,2024-09-20,1,1,RWGRB5,13,22.1,21.8,10.15,0.3533333333333333
181,2024-09-20,2,1,RWGRA3,13,22.4,19.6,6.15,0.31
182,2024-09-20,3,1,RWGRC1,15,24.6,21.7,8.65,0.4133333333333333
183,2024-09-20,4,1,RWGRA2,13,18.7,18.1,8.15,0.3899999999999999
184,2024-09-20,5,1,RWGRB3,11,22.9,21.8,7.45,0.3433333333333333
185,2024-09-20,6,1,RWGRA4,11,23.1,19.6,9.55,0.4000000000000001
186,2024-09-20,7,1,RWGRC3,13,22.1,21.8,7.05,0.3166666666666666
187,2024-09-20,8,1,RWGRA5,13,19.6,18.8,9.35,0.3833333333333333
188,2024-09-20,9,2,RWGRC2,16,23.2,21.6,9.55,0.3633333333333333
189,2024-09-20,10,2,RWGRB4,15,27.2,24.6,9.45,0.32
190,2024-09-20,11,2,RWGRC5,15,24.6,22.2,9.45,0.34
191,2024-09-20,12,2,RWGRB1,15,27.5,25.1,10.55,0.3433333333333333
192,2024-09-20,13,2,RWGRC4,16,22.4,21.6,9.55,0.38
193,2024-09-20,14,2,RWGRB2,7,16.4,7.5,5.95,0.26
194,2024-09-20,15,2,RWGRA1,12,22.4,20.3,9.95,0.3266666666666666
195,2024-09-20,16,3,RNGRA3,14,21.5,20.4,11.9,0.4166666666666667
196,2024-09-20,17,3,RNGRB5,16,26.8,23.4,8.95,0.3966666666666666
197,2024-09-20,18,3,RNGRC4,15,26.4,23.4,10.15,0.3933333333333333
198,2024-09-20,19,3,RNGRA1,11,23.1,22.8,9.35,0.3566666666666666
199,2024-09-20,20,3,RNGRC5,17,23.6,20.8,9.45,0.3366666666666666
200,2024-09-20,21,3,RNGRB2,14,24.6,24.4,9.55,0.3233333333333333
201,2024-09-20,22,3,RNGRA2,12,22.7,18.6,11.05,0.3366666666666666
202,2024-09-20,23,4,RNROB2,10,21.6,18.5,8.45,0.24
203,2024-09-20,24,4,RNROC3,12,18.1,16.4,7.05,0.2933333333333334
204,2024-09-20,25,4,RNROA5,8,19.7,13.5,7.55,0.3066666666666667
205,2024-09-20,26,4,RNROC5,8,19.6,17.5,8.35,0.3266666666666666
206,2024-09-20,27,4,RNROB3,11,19.7,18.3,8.05,0.29
207,2024-09-20,28,4,RNROA1,5,11.1,10.2,6.5,0.0
208,2024-09-20,29,4,RNROC1,9,18.6,17.1,7.05,0.3233333333333333
209,2024-09-20,30,5,RNGRC1,16,25.6,24.3,11.55,0.3033333333333333
210,2024-09-20,31,5,RNGRB3,17,24.8,16.2,13.15,0.3033333333333333
211,2024-09-20,32,5,RNGRA5,13,22.6,20.8,8.55,0.27
212,2024-09-20,33,5,RNGRB1,11,24.3,22.1,10.45,0.3499999999999999
213,2024-09-20,34,5,RNGRC3,13,23.4,21.3,10.55,0.3466666666666667
214,2024-09-20,35,5,RNGRB4,15,22.5,20.3,11.05,0.2933333333333333
215,2024-09-20,36,5,RNGRA4,10,20.1,16.7,10.25,0.2833333333333334
216,2024-09-20,37,5,RNGRC2,13,25.2,22.6,9.15,0.31
217,2024-09-20,38,6,RNROB1,6,17.3,14.2,10.4,0.2966666666666667
218,2024-09-20,39,6,RNROA4,11,21.1,18.6,6.55,0.33
219,2024-09-20,40,6,RNROC2,10,22.7,17.3,7.55,0.3366666666666666
220,2024-09-20,41,6,RNROA3,10,21.6,17.7,8.05,0.2933333333333334
221,2024-09-20,42,6,RNROB5,12,19.3,14.5,6.85,0.2299999999999999
222,2024-09-20,43,6,RNROA2,8,19.1,17.4,7.55,0.3066666666666666
223,2024-09-20,44,6,RNROC4,12,21.2,18.3,8.45,0.3
224,2024-09-20,45,6,RNROB4,11,22.6,17.5,7.45,0.2733333333333334
225,2024-09-24,1,1,RWGRB5,16,23.8,22.6,9.85,0.2933333333333333
226,2024-09-24,2,1,RWGRA3,15,22.8,21.6,8.55,0.28
227,2024-09-24,3,1,RWGRC1,16,24.5,21.2,9.65,0.3266666666666666
228,2024-09-24,4,1,RWGRA2,13,22.9,22.8,10.15,0.32
229,2024-09-24,5,1,RWGRB3,12,24.6,19.8,8.45,0.3033333333333333
230,2024-09-24,6,1,RWGRA4,11,23.5,22.8,7.15,0.31
231,2024-09-24,7,1,RWGRC3,16,23.5,21.4,7.55,0.3133333333333333
232,2024-09-24,8,1,RWGRA5,14,20.8,20.3,8.45,0.3233333333333333
233,2024-09-24,9,2,RWGRC2,15,27.8,23.1,8.65,0.37
234,2024-09-24,10,2,RWGRB4,15,30.4,27.6,10.15,0.3
235,2024-09-24,11,2,RWGRC5,15,27.1,23.1,9.95,0.3066666666666666
236,2024-09-24,12,2,RWGRB1,16,30.4,26.1,9.95,0.2766666666666666
237,2024-09-24,13,2,RWGRC4,15,22.1,23.9,8.55,0.2766666666666666
238,2024-09-24,14,2,RWGRB2,9,21.3,20.8,6.65,0.2866666666666667
239,2024-09-24,15,2,RWGRA1,13,23.2,24.3,9.65,0.2733333333333334
240,2024-09-24,16,3,RNGRA3,14,28.5,25.7,13.55,0.2933333333333334
241,2024-09-24,17,3,RNGRB5,16,27.4,28.3,11.35,0.0
242,2024-09-24,18,3,RNGRC4,19,27.8,25.6,12.25,0.2666666666666666
243,2024-09-24,19,3,RNGRA1,13,29.5,26.1,10.65,0.3066666666666666
244,2024-09-24,20,3,RNGRC5,14,25.9,26.2,12.15,0.2966666666666666
245,2024-09-24,21,3,RNGRB2,17,27.2,25.4,11.35,0.3033333333333333
246,2024-09-24,22,3,RNGRA2,12,23.1,21.9,11.05,0.2933333333333334
247,2024-09-24,23,4,RNROB2,11,22.3,18.2,9.55,0.29
248,2024-09-24,24,4,RNROC3,10,20.3,16.5,7.55,0.3266666666666666
249,2024-09-24,25,4,RNROA5,8,19.4,15.6,8.55,0.3666666666666667
250,2024-09-24,26,4,RNROC5,10,19.4,18.3,9.55,0.3566666666666667
251,2024-09-24,27,4,RNROB3,10,19.3,16.4,9.55,0.36
252,2024-09-24,28,4,RNROA1,6,12.8,10.3,5.05,0.2166666666666666
253,2024-09-24,29,4,RNROC1,10,20.3,20.9,9.55,0.3133333333333333
254,2024-09-24,30,5,RNGRC1,16,27.6,23.4,11.35,0.3533333333333333
255,2024-09-24,31,5,RNGRB3,18,30.6,23.4,12.35,0.33
256,2024-09-24,32,5,RNGRA5,13,26.3,23.1,12.05,0.3466666666666667
257,2024-09-24,33,5,RNGRB1,11,28.7,26.8,12.05,0.2966666666666667
258,2024-09-24,34,5,RNGRC3,11,24.1,23.8,11.05,0.31
259,2024-09-24,35,5,RNGRB4,15,22.9,22.6,12.45,0.2766666666666666
260,2024-09-24,36,5,RNGRA4,11,22.6,19.5,13.05,0.32
261,2024-09-24,37,5,RNGRC2,14,27.5,24.3,12.15,0.33
262,2024-09-24,38,6,RNROB1,6,16.8,17.3,7.15,0.3166666666666666
263,2024-09-24,39,6,RNROA4,13,20.5,19.3,10.65,0.45
264,2024-09-24,40,6,RNROC2,10,20.7,19.8,9.95,0.3566666666666666
265,2024-09-24,41,6,RNROA3,12,24.6,19.8,9.55,0.3899999999999999
266,2024-09-24,42,6,RNROB5,10,23.4,17.2,9.85,0.2733333333333334
267,2024-09-24,43,6,RNROA2,10,21.3,20.1,8.35,0.32
268,2024-09-24,44,6,RNROC4,10,23.2,20.3,9.55,0.3699999999999999
269,2024-09-24,45,6,RNROB4,12,22.1,20.4,9.05,0.3066666666666666
270,2024-09-29,1,1,RWGRB5,13,26.2,21.5,12.55,0.2666666666666666
271,2024-09-29,2,1,RWGRA3,12,22.4,20.8,8.35,0.2666666666666666
272,2024-09-29,3,1,RWGRC1,13,22.7,19.9,8.65,0.3433333333333333
273,2024-09-29,4,1,RWGRA2,11,22.9,20.6,9.55,0.3366666666666666
274,2024-09-29,5,1,RWGRB3,9,22.4,19.3,8.55,0.3966666666666666
275,2024-09-29,6,1,RWGRA4,8,23.4,16.5,8.15,0.2666666666666666
276,2024-09-29,7,1,RWGRC3,12,24.1,17.5,8.05,0.3766666666666666
277,2024-09-29,8,1,RWGRA5,11,23.6,20.5,8.55,0.31
278,2024-09-29,9,2,RWGRC2,10,27.6,25.3,8.15,0.45
279,2024-09-29,10,2,RWGRB4,15,30.6,30.5,11.05,0.2833333333333334
280,2024-09-29,11,2,RWGRC5,13,26.2,24.1,9.45,0.3033333333333333
281,2024-09-29,12,2,RWGRB1,10,23.8,27.2,12.15,0.31
282,2024-09-29,13,2,RWGRC4,11,24.1,21.8,8.35,0.4333333333333333
283,2024-09-29,14,2,RWGRB2,7,19.9,19.8,6.45,0.36
284,2024-09-29,15,2,RWGRA1,12,26.8,24.3,9.35,0.29
285,2024-09-29,16,3,RNGRA3,13,27.8,28.5,13.05,0.43
286,2024-09-29,17,3,RNGRB5,12,32.3,26.5,13.95,0.2766666666666666
287,2024-09-29,18,3,RNGRC4,13,28.4,23.2,10.25,0.4533333333333333
288,2024-09-29,19,3,RNGRA1,10,25.2,29.1,14.35,0.0
289,2024-09-29,20,3,RNGRC5,10,27.5,29.4,12.05,0.3999999999999999
290,2024-09-29,21,3,RNGRB2,11,30.4,29.3,11.55,0.2866666666666667
291,2024-09-29,22,3,RNGRA2,10,24.2,20.6,12.55,0.3533333333333333
292,2024-09-29,23,4,RNROB2,10,23.2,19.6,10.55,0.3633333333333333
293,2024-09-29,24,4,RNROC3,6,21.5,14.6,7.95,0.3733333333333333
294,2024-09-29,25,4,RNROA5,9,25.4,19.2,10.35,0.29
295,2024-09-29,26,4,RNROC5,6,23.2,21.4,8.35,0.3533333333333333
296,2024-09-29,27,4,RNROB3,8,24.5,21.7,10.35,0.3166666666666666
297,2024-09-29,28,4,RNROA1,6,13.5,10.3,8.95,0.28
298,2024-09-29,29,4,RNROC1,6,25.2,19.5,9.25,0.3499999999999999
299,2024-09-29,30,5,RNGRC1,11,30.3,27.2,10.15,0.33
300,2024-09-29,31,5,RNGRB3,9,30.7,25.2,12.55,0.2733333333333333
301,2024-09-29,32,5,RNGRA5,6,19.2,14.1,13.45,0.2366666666666666
302,2024-09-29,33,5,RNGRB1,8,27.2,21.4,11.35,0.27
303,2024-09-29,34,5,RNGRC3,10,32.5,23.2,11.55,0.2566666666666666
304,2024-09-29,35,5,RNGRB4,9,30.3,21.4,11.35,0.2766666666666666
305,2024-09-29,36,5,RNGRA4,10,30.3,25.6,13.25,0.2833333333333334
306,2024-09-29,37,5,RNGRC2,10,30.6,29.2,8.15,0.3
307,2024-09-29,38,6,RNROB1,6,22.3,14.5,8.95,0.32
308,2024-09-29,39,6,RNROA4,9,20.5,22.1,10.05,0.3733333333333333
309,2024-09-29,40,6,RNROC2,7,24.1,20.2,7.35,0.3333333333333333
310,2024-09-29,41,6,RNROA3,10,25.3,23.8,7.25,0.27
311,2024-09-29,42,6,RNROB5,6,25.1,20.8,11.25,0.0
312,2024-09-29,43,6,RNROA2,9,22.3,20.2,7.65,0.28
313,2024-09-29,44,6,RNROC4,9,27.3,25.2,11.35,0.36
314,2024-09-29,45,6,RNROB4,9,19.5,23.4,8.55,0.4066666666666667
315,2024-10-03,1,1,RWGRB5,16,28.5,26.4,11.55,0.2299999999999999
316,2024-10-03,2,1,RWGRA3,14,23.5,24.2,11.15,0.2975
317,2024-10-03,3,1,RWGRC1,16,23.6,21.7,8.55,0.352
318,2024-10-03,4,1,RWGRA2,15,24.8,23.6,11.55,0.29
319,2024-10-03,5,1,RWGRB3,12,23.5,20.4,9.05,0.295
320,2024-10-03,6,1,RWGRA4,10,24.5,18.4,8.85,0.32
321,2024-10-03,7,1,RWGRC3,16,23.6,23.8,8.55,0.335
322,2024-10-03,8,1,RWGRA5,15,24.8,26.2,10.25,0.27
323,2024-10-03,9,2,RWGRC2,12,28.6,27.4,13.75,0.31
324,2024-10-03,10,2,RWGRB4,15,33.1,29.6,13.25,0.335
325,2024-10-03,11,2,RWGRC5,16,27.8,25.6,15.15,0.335
326,2024-10-03,12,2,RWGRB1,14,30.4,24.8,11.85,0.28
327,2024-10-03,13,2,RWGRC4,11,27.6,26.8,7.15,0.2975
328,2024-10-03,14,2,RWGRB2,10,22.4,21.5,7.05,0.2675
329,2024-10-03,15,2,RWGRA1,15,26.7,27.5,8.35,0.2875
330,2024-10-03,16,3,RNGRA3,16,31.4,30.6,11.45,0.264
331,2024-10-03,17,3,RNGRB5,15,31.7,33.1,13.95,0.2425
332,2024-10-03,18,3,RNGRC4,16,27.6,26.2,12.15,0.29
333,2024-10-03,19,3,RNGRA1,15,29.1,20.6,11.25,0.265
334,2024-10-03,20,3,RNGRC5,14,31.2,29.3,11.55,0.2675
335,2024-10-03,21,3,RNGRB2,15,30.5,29.8,12.35,0.278
336,2024-10-03,22,3,RNGRA2,13,30.1,26.6,12.05,0.2875
337,2024-10-03,23,4,RNROB2,11,24.7,21.6,11.05,0.35
338,2024-10-03,24,4,RNROC3,7,21.4,15.1,9.85,0.345
339,2024-10-03,25,4,RNROA5,8,24.2,19.8,9.55,0.3675
340,2024-10-03,26,4,RNROC5,7,23.4,20.6,9.35,0.3475
341,2024-10-03,27,4,RNROB3,10,26.4,17.5,9.25,0.28
342,2024-10-03,28,4,RNROA1,8,16.8,14.5,7.35,0.29
343,2024-10-03,29,4,RNROC1,7,27.1,18.8,7.15,0.435
344,2024-10-03,30,5,RNGRC1,15,34.5,29.6,11.15,0.3
345,2024-10-03,31,5,RNGRB3,11,32.4,31.7,15.35,0.2775
346,2024-10-03,32,5,RNGRA5,8,29.1,19.2,11.85,0.28
347,2024-10-03,33,5,RNGRB1,10,26.8,29.2,12.15,0.275
348,2024-10-03,34,5,RNGRC3,13,30.1,24.5,11.35,0.305
349,2024-10-03,35,5,RNGRB4,12,29.2,22.5,11.35,0.2675
350,2024-10-03,36,5,RNGRA4,13,25.6,33.4,12.95,0.255
351,2024-10-03,37,5,RNGRC2,12,30.2,26.6,9.15,0.2925
352,2024-10-03,38,6,RNROB1,7,16.1,22.6,10.35,0.395
353,2024-10-03,39,6,RNROA4,10,21.7,19.2,10.35,0.3525
354,2024-10-03,40,6,RNROC2,9,22.5,19.8,9.05,0.3575
355,2024-10-03,41,6,RNROA3,11,26.8,24.5,10.15,0.325
356,2024-10-03,42,6,RNROB5,7,30.1,22.6,11.85,0.32
357,2024-10-03,43,6,RNROA2,11,22.8,20.5,10.35,0.365
358,2024-10-03,44,6,RNROC4,10,30.5,26.2,11.55,0.35
359,2024-10-03,45,6,RNROB4,11,20.6,23.1,9.95,0.3825
