Number;Line;Sample;Date;CODE;No leaves;Diameter;Perpendicular;Height;Thickness 1;Thickness 2;Thickness 3;Thickness 4;Thickness 5
1;1;W;07/09/2024;RWGRB5;10;14,5;10,4;9,5;;;;;
2;1;W;07/09/2024;RWGRA3;10;10,9;9,7;9,8;;;;;
3;1;W;07/09/2024;RWGRC1;13;15,8;13,9;9,4;;;;;
4;1;W;07/09/2024;RWGRA2;10;12,1;7,2;9,5;;;;;
5;1;W;07/09/2024;RWGRB3;11;14,2;10,5;12,5;;;;;
6;1;W;07/09/2024;RWGRA4;10;11,7;9,4;10,1;;;;;
7;1;W;07/09/2024;RWGRC3;12;11,1;9,6;11,5;;;;;
8;1;W;07/09/2024;RWGRA5;10;11,3;10,8;7,8;;;;;
9;2;W;07/09/2024;RWGRC2;12;15,2;12,1;12,3;;;;;
10;2;W;07/09/2024;RWGRB4;10;12,5;13,2;14,6;;;;;
11;2;W;07/09/2024;RWGRC5;12;13,1;10,4;12,6;;;;;
12;2;W;07/09/2024;RWGRB1;11;12,3;9,8;11,9;;;;;
13;2;W;07/09/2024;RWGRC4;11;14,9;12,8;12,5;;;;;
14;2;W;07/09/2024;RWGRB2;7;12,3;7,5;13,2;;;;;
15;2;W;07/09/2024;RWGRA1;12;12,4;10,8;11,6;;;;;
16;3;N;07/09/2024;RNGRA3;9;9,8;9,7;10,7;;;;;
17;3;N;07/09/2024;RNGRB5;12;12,6;12;14,2;;;;;
18;3;N;07/09/2024;RNGRC4;11;15,2;13,1;10,9;;;;;
19;3;N;07/09/2024;RNGRA1;12;12,9;11,1;11,8;;;;;
20;3;N;07/09/2024;RNGRC5;12;15,5;12,9;10,5;;;;;
21;3;N;07/09/2024;RNGRB2;10;14,4;12,3;9,4;;;;;
22;3;N;07/09/2024;RNGRA2;10;11,6;10,9;9,3;;;;;
23;4;N;07/09/2024;RNROB2;6;11,1;8,2;8,7;;;;;
24;4;N;07/09/2024;RNROC3;7;11,4;10,2;9,7;;;;;
25;4;N;07/09/2024;RNROA5;4;9,7;5,2;8,1;;;;;
26;4;N;07/09/2024;RNROC5;7;10,9;8,4;7,6;;;;;
27;4;N;07/09/2024;RNROB3;5;11,4;10,2;9,6;;;;;
28;4;N;07/09/2024;RNROA1;3;6,5;4,3;5,1;;;;;
29;4;N;07/09/2024;RNROC1;5;11,7;7,9;9,2;;;;;
30;5;N;07/09/2024;RNGRC1;11;13,4;13,1;13,8;;;;;
31;5;N;07/09/2024;RNGRB3;10;13,3;9,5;9,9;;;;;
32;5;N;07/09/2024;RNGRA5;7;10,2;6,8;9,5;;;;;
33;5;N;07/09/2024;RNGRB1;9;11,8;9,9;9,4;;;;;
34;5;N;07/09/2024;RNGRC3;12;13,8;12,6;10,9;;;;;
35;5;N;07/09/2024;RNGRB4;10;11,3;9,8;10,4;;;;;
36;5;N;07/09/2024;RNGRA4;7;8,9;7,7;6,9;;;;;
37;5;N;07/09/2024;RNGRC2;11;15,4;12,2;12,5;;;;;
38;6;N;07/09/2024;RNROB1;3;6,2;5,1;8,7;;;;;
39;6;N;07/09/2024;RNROA4;6;12,2;8,5;10,1;;;;;
40;6;N;07/09/2024;RNROC2;7;14,8;12,1;11,3;;;;;
41;6;N;07/09/2024;RNROA3;5;12,9;11,2;11,4;;;;;
42;6;N;07/09/2024;RNROB5;3;7,3;4,8;9,2;;;;;
43;6;N;07/09/2024;RNROA2;6;12,4;10,7;8,5;;;;;
44;6;N;07/09/2024;RNROC4;6;12,1;10,8;11,3;;;;;
45;6;N;07/09/2024;RNROB4;7;13,4;9,7;12,5;;;;;
1;1;W;11/09/2024;RWGRB5;12;17,5;16,2;11,1;;;;;
2;1;W;11/09/2024;RWGRA3;10;12,5;10,7;11,8;;;;;
3;1;W;11/09/2024;RWGRC1;15;16,1;14,8;11,3;;;;;
4;1;W;11/09/2024;RWGRA2;10;12,4;12,3;10,8;;;;;
5;1;W;11/09/2024;RWGRB3;13;15,2;13,5;11,8;;;;;
6;1;W;11/09/2024;RWGRA4;11;16,2;11,8;11,1;;;;;
7;1;W;11/09/2024;RWGRC3;15;15,1;14,7;13,2;;;;;
8;1;W;11/09/2024;RWGRA5;11;12,6;12,2;9,4;;;;;
9;2;W;11/09/2024;RWGRC2;14;21,3;16,4;12,8;;;;;
10;2;W;11/09/2024;RWGRB4;10;22,1;14,7;15,2;;;;;
11;2;W;11/09/2024;RWGRC5;16;14,4;14,2;12,3;;;;;
12;2;W;11/09/2024;RWGRB1;12;16,5;13,2;13,3;;;;;
13;2;W;11/09/2024;RWGRC4;13;16,2;14,9;13,1;;;;;
14;2;W;11/09/2024;RWGRB2;10;16,1;12,2;11,1;;;;;
15;2;W;11/09/2024;RWGRA1;12;13,8;12,7;11,2;;;;;
16;3;N;11/09/2024;RNGRA3;12;14,3;12,3;12,8;;;;;
17;3;N;11/09/2024;RNGRB5;14;19,7;15,8;15,8;;;;;
18;3;N;11/09/2024;RNGRC4;12;16,8;15,7;12,8;;;;;
19;3;N;11/09/2024;RNGRA1;15;14,2;13,2;12,8;;;;;
20;3;N;11/09/2024;RNGRC5;14;19,7;12,5;12,8;;;;;
21;3;N;11/09/2024;RNGRB2;14;16,1;13,5;12,2;;;;;
22;3;N;11/09/2024;RNGRA2;13;17,3;13,8;10,3;;;;;
23;4;N;11/09/2024;RNROB2;6;14,1;7,9;11,5;;;;;
24;4;N;11/09/2024;RNROC3;9;14,2;14,8;12,8;;;;;
25;4;N;11/09/2024;RNROA5;6;12,4;8,3;7,8;;;;;
26;4;N;11/09/2024;RNROC5;9;14,3;12,5;10,8;;;;;
27;4;N;11/09/2024;RNROB3;8;14,4;13,2;11,1;;;;;
28;4;N;11/09/2024;RNROA1;3;8,6;7,2;5,5;;;;;
29;4;N;11/09/2024;RNROC1;8;14,3;12,1;9,6;;;;;
30;5;N;11/09/2024;RNGRC1;15;18,9;12,6;12,8;;;;;
31;5;N;11/09/2024;RNGRB3;12;17,2;11,3;12,8;;;;;
32;5;N;11/09/2024;RNGRA5;10;15,5;10,2;11,9;;;;;
33;5;N;11/09/2024;RNGRB1;11;15,4;13,8;11,6;;;;;
34;5;N;11/09/2024;RNGRC3;13;17,8;15,5;13,2;;;;;
35;5;N;11/09/2024;RNGRB4;12;16,1;13,2;11,3;;;;;
36;5;N;11/09/2024;RNGRA4;8;11,9;8,6;9,7;;;;;
37;5;N;11/09/2024;RNGRC2;11;20,4;13,8;14,1;;;;;
38;6;N;11/09/2024;RNROB1;4;8,4;7,6;7,9;;;;;
39;6;N;11/09/2024;RNROA4;8;16,9;13,2;10,6;;;;;
40;6;N;11/09/2024;RNROC2;9;17,8;12,1;12,1;;;;;
41;6;N;11/09/2024;RNROA3;8;16,8;12,7;10,5;;;;;
42;6;N;11/09/2024;RNROB5;6;13,1;9,6;7,5;;;;;
43;6;N;11/09/2024;RNROA2;7;13,4;11,5;9,6;;;;;
44;6;N;11/09/2024;RNROC4;8;12,8;11,9;9,6;;;;;
45;6;N;11/09/2024;RNROB4;8;14,6;14,3;12,1;;;;;
1;1;W;14/09/2024;RWGRB5;13;19,1;16,8;10,4;;;;;
2;1;W;14/09/2024;RWGRA3;13;17,8;15,1;11,3;;;;;
3;1;W;14/09/2024;RWGRC1;17;18,1;18,5;9,7;;;;;
4;1;W;14/09/2024;RWGRA2;14;16,2;16,5;10,2;;;;;
5;1;W;14/09/2024;RWGRB3;11;20,5;17,6;10,1;;;;;
6;1;W;14/09/2024;RWGRA4;11;19,5;14,2;8,7;;;;;
7;1;W;14/09/2024;RWGRC3;13;18,1;16,5;10,2;;;;;
8;1;W;14/09/2024;RWGRA5;14;17,3;14,2;9,7;;;;;
9;2;W;14/09/2024;RWGRC2;16;20,9;19,6;11,5;;;;;
10;2;W;14/09/2024;RWGRB4;14;23,6;20,7;12,2;;;;;
11;2;W;14/09/2024;RWGRC5;13;19,2;18,1;11,8;;;;;
12;2;W;14/09/2024;RWGRB1;12;20,1;19,8;12,2;;;;;
13;2;W;14/09/2024;RWGRC4;14;18,9;19,6;10,7;;;;;
14;2;W;14/09/2024;RWGRB2;11;14,7;11,7;10,2;;;;;
15;2;W;14/09/2024;RWGRA1;15;17,9;17,1;11,4;;;;;
16;3;N;14/09/2024;RNGRA3;12;21,2;13,8;12,5;;;;;
17;3;N;14/09/2024;RNGRB5;13;23,6;22,4;12,8;;;;;
18;3;N;14/09/2024;RNGRC4;15;21,5;20,4;13,1;;;;;
19;3;N;14/09/2024;RNGRA1;13;17,5;15,6;11,8;;;;;
20;3;N;14/09/2024;RNGRC5;14;21,1;17,8;12,2;;;;;
21;3;N;14/09/2024;RNGRB2;12;18,4;18,9;11,9;;;;;
22;3;N;14/09/2024;RNGRA2;12;21,2;17,7;10,2;;;;;
23;4;N;14/09/2024;RNROB2;9;18,8;14,1;11,6;;;;;
24;4;N;14/09/2024;RNROC3;9;16,4;15,8;11,2;;;;;
25;4;N;14/09/2024;RNROA5;7;13,3;11,2;8,1;;;;;
26;4;N;14/09/2024;RNROC5;9;16,7;15,8;11,2;;;;;
27;4;N;14/09/2024;RNROB3;8;18,7;15,2;9,6;;;;;
28;4;N;14/09/2024;RNROA1;5;9,6;7,8;7,1;;;;;
29;4;N;14/09/2024;RNROC1;9;15,3;12,5;11,2;;;;;
30;5;N;14/09/2024;RNGRC1;15;20,7;19,2;13,4;;;;;
31;5;N;14/09/2024;RNGRB3;14;21,1;16,4;13,8;;;;;
32;5;N;14/09/2024;RNGRA5;11;15,4;17,1;12,8;;;;;
33;5;N;14/09/2024;RNGRB1;12;21,2;17,4;13,6;;;;;
34;5;N;14/09/2024;RNGRC3;14;20,2;22,4;13,1;;;;;
35;5;N;14/09/2024;RNGRB4;15;19,4;17,8;11,4;;;;;
36;5;N;14/09/2024;RNGRA4;10;15,4;12,7;12,9;;;;;
37;5;N;14/09/2024;RNGRC2;12;17,9;20,2;13,3;;;;;
38;6;N;14/09/2024;RNROB1;5;10,4;9,7;7,9;;;;;
39;6;N;14/09/2024;RNROA4;9;17,8;17,4;11,2;;;;;
40;6;N;14/09/2024;RNROC2;10;20,1;14,5;12,8;;;;;
41;6;N;14/09/2024;RNROA3;9;19,2;13,8;10,4;;;;;
42;6;N;14/09/2024;RNROB5;8;14,1;11,9;11,4;;;;;
43;6;N;14/09/2024;RNROA2;9;16,4;14,2;10,4;;;;;
44;6;N;14/09/2024;RNROC4;10;16,3;15,7;10,8;;;;;
45;6;N;14/09/2024;RNROB4;11;19,4;16,8;12,5;;;;;
1;1;W;17/09/2024;RWGRB5;13;21,4;19,3;11,6;;;;;
2;1;W;17/09/2024;RWGRA3;13;17,6;15,8;10,9;;;;;
3;1;W;17/09/2024;RWGRC1;15;19,6;19,2;10,2;;;;;
4;1;W;17/09/2024;RWGRA2;13;17,2;15,5;11,1;;;;;
5;1;W;17/09/2024;RWGRB3;11;22,2;20,2;9,5;;;;;
6;1;W;17/09/2024;RWGRA4;10;18,1;16,2;10,2;;;;;
7;1;W;17/09/2024;RWGRC3;15;20,2;16,3;10,8;;;;;
8;1;W;17/09/2024;RWGRA5;13;19,8;17,7;11,8;;;;;
9;2;W;17/09/2024;RWGRC2;15;22,8;21,2;13,2;;;;;
10;2;W;17/09/2024;RWGRB4;16;27,1;23,8;14,2;;;;;
11;2;W;17/09/2024;RWGRC5;15;19,8;20,4;11,8;;;;;
12;2;W;17/09/2024;RWGRB1;17;22,5;22,3;12,5;;;;;
13;2;W;17/09/2024;RWGRC4;14;22,1;19,8;11,8;;;;;
14;2;W;17/09/2024;RWGRB2;12;15,6;12,2;9,1;;;;;
15;2;W;17/09/2024;RWGRA1;15;20,2;18,7;10,3;;;;;
16;3;N;17/09/2024;RNGRA3;14;21,5;16,8;11,3;;;;;
17;3;N;17/09/2024;RNGRB5;16;23,8;23,2;14,2;;;;;
18;3;N;17/09/2024;RNGRC4;16;23,1;20,8;11,8;;;;;
19;3;N;17/09/2024;RNGRA1;16;20,3;17,3;13,2;;;;;
20;3;N;17/09/2024;RNGRC5;15;23,3;18,2;12,9;;;;;
21;3;N;17/09/2024;RNGRB2;15;23,4;19,6;11,5;;;;;
22;3;N;17/09/2024;RNGRA2;13;20,8;19,6;12,5;;;;;
23;4;N;17/09/2024;RNROB2;10;19,8;15,7;9,9;;;;;
24;4;N;17/09/2024;RNROC3;10;20,4;16,2;12,1;;;;;
25;4;N;17/09/2024;RNROA5;7;15,3;13,8;10,1;;;;;
26;4;N;17/09/2024;RNROC5;11;18,3;16,2;11,1;;;;;
27;4;N;17/09/2024;RNROB3;9;20,5;15,6;10,4;;;;;
28;4;N;17/09/2024;RNROA1;4;9,8;8,1;7,9;;;;;
29;4;N;17/09/2024;RNROC1;9;18,4;17,1;10,3;;;;;
30;5;N;17/09/2024;RNGRC1;16;21,8;19,7;14,2;;;;;
31;5;N;17/09/2024;RNGRB3;16;23,2;19,7;15,1;;;;;
32;5;N;17/09/2024;RNGRA5;14;20,4;18,2;12,8;;;;;
33;5;N;17/09/2024;RNGRB1;15;21,3;19,5;13,4;;;;;
34;5;N;17/09/2024;RNGRC3;16;21,7;21,5;13,1;;;;;
35;5;N;17/09/2024;RNGRB4;15;19,9;20,7;13,2;;;;;
36;5;N;17/09/2024;RNGRA4;11;19,2;15,5;12,1;;;;;
37;5;N;17/09/2024;RNGRC2;13;23,4;20,6;13,1;;;;;
38;6;N;17/09/2024;RNROB1;6;12,6;11,5;8,4;;;;;
39;6;N;17/09/2024;RNROA4;9;19,4;15,5;10,8;;;;;
40;6;N;17/09/2024;RNROC2;10;21,8;16,1;11,3;;;;;
41;6;N;17/09/2024;RNROA3;10;18,8;14,6;10,1;;;;;
42;6;N;17/09/2024;RNROB5;9;15,7;13,1;11,9;;;;;
43;6;N;17/09/2024;RNROA2;11;16,8;15,9;9,9;;;;;
44;6;N;17/09/2024;RNROC4;10;19,6;17,7;12,1;;;;;
45;6;N;17/09/2024;RNROB4;12;20,6;17,1;12,3;;;;;
1;1;W;20/09/2024;RWGRB5;13;22,1;21,8;10,15;0,35;0,3;0,41;;
2;1;W;20/09/2024;RWGRA3;13;22,4;19,6;6,15;0,29;0,31;0,33;;
3;1;W;20/09/2024;RWGRC1;15;24,6;21,7;8,65;0,47;0,33;0,44;;
4;1;W;20/09/2024;RWGRA2;13;18,7;18,1;8,15;0,38;0,44;0,35;;
5;1;W;20/09/2024;RWGRB3;11;22,9;21,8;7,45;0,36;0,33;0,34;;
6;1;W;20/09/2024;RWGRA4;11;23,1;19,6;9,55;0,33;0,47;0,4;;
7;1;W;20/09/2024;RWGRC3;13;22,1;21,8;7,05;0,29;0,32;0,34;;
8;1;W;20/09/2024;RWGRA5;13;19,6;18,8;9,35;0,4;0,36;0,39;;
9;2;W;20/09/2024;RWGRC2;16;23,2;21,6;9,55;0,36;0,37;0,36;;
10;2;W;20/09/2024;RWGRB4;15;27,2;24,6;9,45;0,25;0,31;0,4;;
11;2;W;20/09/2024;RWGRC5;15;24,6;22,2;9,45;0,36;0,35;0,31;;
12;2;W;20/09/2024;RWGRB1;15;27,5;25,1;10,55;0,26;0,36;0,41;;
13;2;W;20/09/2024;RWGRC4;16;22,4;21,6;9,55;0,42;0,38;0,34;;
14;2;W;20/09/2024;RWGRB2;7;16,4;7,5;5,95;0,24;0,25;0,29;;
15;2;W;20/09/2024;RWGRA1;12;22,4;20,3;9,95;0,33;0,3;0,35;;
16;3;N;20/09/2024;RNGRA3;14;21,5;20,4;11,9;0,42;0,37;0,46;;
17;3;N;20/09/2024;RNGRB5;16;26,8;23,4;8,95;0,4;0,48;0,31;;
18;3;N;20/09/2024;RNGRC4;15;26,4;23,4;10,15;0,48;0,35;0,35;;
19;3;N;20/09/2024;RNGRA1;11;23,1;22,8;9,35;0,38;0,34;0,35;;
20;3;N;20/09/2024;RNGRC5;17;23,6;20,8;9,45;0,32;0,33;0,36;;
21;3;N;20/09/2024;RNGRB2;14;24,6;24,4;9,55;0,28;0,33;0,36;;
22;3;N;20/09/2024;RNGRA2;12;22,7;18,6;11,05;0,36;0,33;0,32;;
23;4;N;20/09/2024;RNROB2;10;21,6;18,5;8,45;0,2;0,24;0,28;;
24;4;N;20/09/2024;RNROC3;12;18,1;16,4;7,05;0,25;0,3;0,33;;
25;4;N;20/09/2024;RNROA5;8;19,7;13,5;7,55;0,28;0,33;0,31;;
26;4;N;20/09/2024;RNROC5;8;19,6;17,5;8,35;0,35;0,36;0,27;;
27;4;N;20/09/2024;RNROB3;11;19,7;18,3;8,05;0,22;0,3;0,35;;
28;4;N;20/09/2024;RNROA1;5;11,1;10,2;6,5;;;;;
29;4;N;20/09/2024;RNROC1;9;18,6;17,1;7,05;0,34;0,34;0,29;;
30;5;N;20/09/2024;RNGRC1;16;25,6;24,3;11,55;0,25;0,39;0,27;;
31;5;N;20/09/2024;RNGRB3;17;24,8;16,2;13,15;0,35;0,26;0,3;;
32;5;N;20/09/2024;RNGRA5;13;22,6;20,8;8,55;0,24;0,27;0,3;;
33;5;N;20/09/2024;RNGRB1;11;24,3;22,1;10,45;0,39;0,31;0,35;;
34;5;N;20/09/2024;RNGRC3;13;23,4;21,3;10,55;0,3;0,37;0,37;;
35;5;N;20/09/2024;RNGRB4;15;22,5;20,3;11,05;0,3;0,29;0,29;;
36;5;N;20/09/2024;RNGRA4;10;20,1;16,7;10,25;0,26;0,28;0,31;;
37;5;N;20/09/2024;RNGRC2;13;25,2;22,6;9,15;0,34;0,31;0,28;;
38;6;N;20/09/2024;RNROB1;6;17,3;14,2;10,4;0,3;0,32;0,27;;
39;6;N;20/09/2024;RNROA4;11;21,1;18,6;6,55;0,35;0,32;0,32;;
40;6;N;20/09/2024;RNROC2;10;22,7;17,3;7,55;0,34;0,32;0,35;;
41;6;N;20/09/2024;RNROA3;10;21,6;17,7;8,05;0,26;0,33;0,29;;
42;6;N;20/09/2024;RNROB5;12;19,3;14,5;6,85;0,22;0,23;0,24;;
43;6;N;20/09/2024;RNROA2;8;19,1;17,4;7,55;0,31;0,29;0,32;;
44;6;N;20/09/2024;RNROC4;12;21,2;18,3;8,45;0,26;0,3;0,34;;
45;6;N;20/09/2024;RNROB4;11;22,6;17,5;7,45;0,31;0,23;0,28;;
1;1;W;24/09/2024;RWGRB5;16;23,8;22,6;9,85;0,26;0,38;0,24;;
2;1;W;24/09/2024;RWGRA3;15;22,8;21,6;8,55;0,27;0,29;0,28;;
3;1;W;24/09/2024;RWGRC1;16;24,5;21,2;9,65;0,35;0,32;0,31;;
4;1;W;24/09/2024;RWGRA2;13;22,9;22,8;10,15;0,31;0,33;0,32;;
5;1;W;24/09/2024;RWGRB3;12;24,6;19,8;8,45;0,31;0,32;0,28;;
6;1;W;24/09/2024;RWGRA4;11;23,5;22,8;7,15;0,35;0,29;0,29;;
7;1;W;24/09/2024;RWGRC3;16;23,5;21,4;7,55;0,32;0,33;0,29;;
8;1;W;24/09/2024;RWGRA5;14;20,8;20,3;8,45;0,32;0,35;0,3;;
9;2;W;24/09/2024;RWGRC2;15;27,8;23,1;8,65;0,45;0,32;0,34;;
10;2;W;24/09/2024;RWGRB4;15;30,4;27,6;10,15;0,29;0,27;0,34;;
11;2;W;24/09/2024;RWGRC5;15;27,1;23,1;9,95;0,31;0,32;0,29;;
12;2;W;24/09/2024;RWGRB1;16;30,4;26,1;9,95;0,27;0,26;0,3;;
13;2;W;24/09/2024;RWGRC4;15;22,1;23,9;8,55;0,3;0,26;0,27;;
14;2;W;24/09/2024;RWGRB2;9;21,3;20,8;6,65;0,25;0,29;0,32;;
15;2;W;24/09/2024;RWGRA1;13;23,2;24,3;9,65;0,26;0,28;0,28;;
16;3;N;24/09/2024;RNGRA3;14;28,5;25,7;13,55;0,26;0,31;0,31;;
17;3;N;24/09/2024;RNGRB5;16;27,4;28,3;11,35;;;;;
18;3;N;24/09/2024;RNGRC4;19;27,8;25,6;12,25;0,26;0,29;0,25;;
19;3;N;24/09/2024;RNGRA1;13;29,5;26,1;10,65;0,35;0,32;0,25;;
20;3;N;24/09/2024;RNGRC5;14;25,9;26,2;12,15;0,25;0,35;0,29;;
21;3;N;24/09/2024;RNGRB2;17;27,2;25,4;11,35;0,32;0,31;0,28;;
22;3;N;24/09/2024;RNGRA2;12;23,1;21,9;11,05;0,28;0,28;0,32;;
23;4;N;24/09/2024;RNROB2;11;22,3;18,2;9,55;0,28;0,31;0,28;;
24;4;N;24/09/2024;RNROC3;10;20,3;16,5;7,55;0,31;0,29;0,38;;
25;4;N;24/09/2024;RNROA5;8;19,4;15,6;8,55;0,35;0,37;0,38;;
26;4;N;24/09/2024;RNROC5;10;19,4;18,3;9,55;0,42;0,33;0,32;;
27;4;N;24/09/2024;RNROB3;10;19,3;16,4;9,55;0,38;0,32;0,38;;
28;4;N;24/09/2024;RNROA1;6;12,8;10,3;5,05;0,24;0,19;0,22;;
29;4;N;24/09/2024;RNROC1;10;20,3;20,9;9,55;0,36;0,27;0,31;;
30;5;N;24/09/2024;RNGRC1;16;27,6;23,4;11,35;0,34;0,35;0,37;;
31;5;N;24/09/2024;RNGRB3;18;30,6;23,4;12,35;0,34;0,28;0,37;;
32;5;N;24/09/2024;RNGRA5;13;26,3;23,1;12,05;0,35;0,36;0,33;;
33;5;N;24/09/2024;RNGRB1;11;28,7;26,8;12,05;0,33;0,29;0,27;;
34;5;N;24/09/2024;RNGRC3;11;24,1;23,8;11,05;0,35;0,32;0,26;;
35;5;N;24/09/2024;RNGRB4;15;22,9;22,6;12,45;0,26;0,27;0,3;;
36;5;N;24/09/2024;RNGRA4;11;22,6;19,5;13,05;0,28;0,33;0,35;;
37;5;N;24/09/2024;RNGRC2;14;27,5;24,3;12,15;0,33;0,27;0,39;;
38;6;N;24/09/2024;RNROB1;6;16,8;17,3;7,15;0,32;0,31;0,32;;
39;6;N;24/09/2024;RNROA4;13;20,5;19,3;10,65;0,51;0,4;0,44;;
40;6;N;24/09/2024;RNROC2;10;20,7;19,8;9,95;0,38;0,33;0,36;;
41;6;N;24/09/2024;RNROA3;12;24,6;19,8;9,55;0,37;0,38;0,42;;
42;6;N;24/09/2024;RNROB5;10;23,4;17,2;9,85;0,29;0,27;0,26;;
43;6;N;24/09/2024;RNROA2;10;21,3;20,1;8,35;0,28;0,35;0,33;;
44;6;N;24/09/2024;RNROC4;10;23,2;20,3;9,55;0,36;0,35;0,4;;
45;6;N;24/09/2024;RNROB4;12;22,1;20,4;9,05;0,37;0,26;0,29;;
1;1;W;29/09/2024;RWGRB5;13;26,2;21,5;12,55;0,26;0,29;0,25;;
2;1;W;29/09/2024;RWGRA3;12;22,4;20,8;8,35;0,3;0,25;0,25;;
3;1;W;29/09/2024;RWGRC1;13;22,7;19,9;8,65;0,33;0,38;0,32;;
4;1;W;29/09/2024;RWGRA2;11;22,9;20,6;9,55;0,35;0,36;0,3;;
5;1;W;29/09/2024;RWGRB3;9;22,4;19,3;8,55;0,38;0,36;0,45;;
6;1;W;29/09/2024;RWGRA4;8;23,4;16,5;8,15;0,27;0,29;0,24;;
7;1;W;29/09/2024;RWGRC3;12;24,1;17,5;8,05;0,38;0,47;0,28;;
8;1;W;29/09/2024;RWGRA5;11;23,6;20,5;8,55;0,28;0,32;0,33;;
9;2;W;29/09/2024;RWGRC2;10;27,6;25,3;8,15;0,56;0,35;0,44;;
10;2;W;29/09/2024;RWGRB4;15;30,6;30,5;11,05;0,29;0,26;0,3;;
11;2;W;29/09/2024;RWGRC5;13;26,2;24,1;9,45;0,35;0,26;0,3;;
12;2;W;29/09/2024;RWGRB1;10;23,8;27,2;12,15;0,26;0,34;0,33;;
13;2;W;29/09/2024;RWGRC4;11;24,1;21,8;8,35;0,41;0,46;0,43;;
14;2;W;29/09/2024;RWGRB2;7;19,9;19,8;6,45;0,35;0,37;0,36;;
15;2;W;29/09/2024;RWGRA1;12;26,8;24,3;9,35;0,29;0,3;0,28;;
16;3;N;29/09/2024;RNGRA3;13;27,8;28,5;13,05;0,38;0,4;0,51;;
17;3;N;29/09/2024;RNGRB5;12;32,3;26,5;13,95;0,24;0,25;0,34;;
18;3;N;29/09/2024;RNGRC4;13;28,4;23,2;10,25;0,52;0,48;0,36;;
19;3;N;29/09/2024;RNGRA1;10;25,2;29,1;14,35;;;;;
20;3;N;29/09/2024;RNGRC5;10;27,5;29,4;12,05;0,42;0,32;0,46;;
21;3;N;29/09/2024;RNGRB2;11;30,4;29,3;11,55;0,33;0,28;0,25;;
22;3;N;29/09/2024;RNGRA2;10;24,2;20,6;12,55;0,28;0,4;0,38;;
23;4;N;29/09/2024;RNROB2;10;23,2;19,6;10,55;0,41;0,4;0,28;;
24;4;N;29/09/2024;RNROC3;6;21,5;14,6;7,95;0,4;0,42;0,3;;
25;4;N;29/09/2024;RNROA5;9;25,4;19,2;10,35;0,28;0,32;0,27;;
26;4;N;29/09/2024;RNROC5;6;23,2;21,4;8,35;0,35;0,36;0,35;;
27;4;N;29/09/2024;RNROB3;8;24,5;21,7;10,35;0,35;0,29;0,31;;
28;4;N;29/09/2024;RNROA1;6;13,5;10,3;8,95;0,25;0,31;0,28;;
29;4;N;29/09/2024;RNROC1;6;25,2;19,5;9,25;0,35;0,32;0,38;;
30;5;N;29/09/2024;RNGRC1;11;30,3;27,2;10,15;0,26;0,45;0,28;;
31;5;N;29/09/2024;RNGRB3;9;30,7;25,2;12,55;0,25;0,22;0,35;;
32;5;N;29/09/2024;RNGRA5;6;19,2;14,1;13,45;0,27;0,22;0,22;;
33;5;N;29/09/2024;RNGRB1;8;27,2;21,4;11,35;0,27;0,23;0,31;;
34;5;N;29/09/2024;RNGRC3;10;32,5;23,2;11,55;0,26;0,3;0,21;;
35;5;N;29/09/2024;RNGRB4;9;30,3;21,4;11,35;0,27;0,34;0,22;;
36;5;N;29/09/2024;RNGRA4;10;30,3;25,6;13,25;0,27;0,27;0,31;;
37;5;N;29/09/2024;RNGRC2;10;30,6;29,2;8,15;0,31;0,27;0,32;;
38;6;N;29/09/2024;RNROB1;6;22,3;14,5;8,95;0,42;0,24;0,3;;
39;6;N;29/09/2024;RNROA4;9;20,5;22,1;10,05;0,26;0,34;0,52;;
40;6;N;29/09/2024;RNROC2;7;24,1;20,2;7,35;0,32;0,33;0,35;;
41;6;N;29/09/2024;RNROA3;10;25,3;23,8;7,25;0,25;0,2;0,36;;
42;6;N;29/09/2024;RNROB5;6;25,1;20,8;11,25;;;;;
43;6;N;29/09/2024;RNROA2;9;22,3;20,2;7,65;0,27;0,26;0,31;;
44;6;N;29/09/2024;RNROC4;9;27,3;25,2;11,35;0,4;0,37;0,31;;
45;6;N;29/09/2024;RNROB4;9;19,5;23,4;8,55;0,4;0,47;0,35;;
1;1;W;03/10/2024;RWGRB5;16;28,5;26,4;11,55;0,22;0,22;0,24;0,23;0,24
2;1;W;03/10/2024;RWGRA3;14;23,5;24,2;11,15;0,26;0,31;0,28;0,34;
3;1;W;03/10/2024;RWGRC1;16;23,6;21,7;8,55;0,32;0,4;0,41;0,33;0,3
4;1;W;03/10/2024;RWGRA2;15;24,8;23,6;11,55;0,28;0,3;0,3;0,25;0,32
5;1;W;03/10/2024;RWGRB3;12;23,5;20,4;9,05;0,25;0,31;0,31;0,31;
6;1;W;03/10/2024;RWGRA4;10;24,5;18,4;8,85;0,3;0,35;0,3;0,33;
7;1;W;03/10/2024;RWGRC3;16;23,6;23,8;8,55;0,38;0,35;0,3;0,31;
8;1;W;03/10/2024;RWGRA5;15;24,8;26,2;10,25;0,23;0,27;0,31;0,27;
9;2;W;03/10/2024;RWGRC2;12;28,6;27,4;13,75;0,34;0,27;0,31;0,32;
10;2;W;03/10/2024;RWGRB4;15;33,1;29,6;13,25;0,31;0,4;0,34;0,29;
11;2;W;03/10/2024;RWGRC5;16;27,8;25,6;15,15;0,33;0,34;0,35;0,32;
12;2;W;03/10/2024;RWGRB1;14;30,4;24,8;11,85;0,23;0,31;0,27;0,31;
13;2;W;03/10/2024;RWGRC4;11;27,6;26,8;7,15;0,32;0,28;0,29;0,3;
14;2;W;03/10/2024;RWGRB2;10;22,4;21,5;7,05;0,27;0,33;0,25;0,22;
15;2;W;03/10/2024;RWGRA1;15;26,7;27,5;8,35;0,26;0,27;0,31;0,31;
16;3;N;03/10/2024;RNGRA3;16;31,4;30,6;11,45;0,24;0,28;0,26;0,26;0,28
17;3;N;03/10/2024;RNGRB5;15;31,7;33,1;13,95;0,32;0,18;0,22;0,25;
18;3;N;03/10/2024;RNGRC4;16;27,6;26,2;12,15;0,3;0,31;0,29;0,26;
19;3;N;03/10/2024;RNGRA1;15;29,1;20,6;11,25;0,31;0,29;0,22;0,24;
20;3;N;03/10/2024;RNGRC5;14;31,2;29,3;11,55;0,25;0,23;0,33;0,26;
21;3;N;03/10/2024;RNGRB2;15;30,5;29,8;12,35;0,22;0,33;0,32;0,26;0,26
22;3;N;03/10/2024;RNGRA2;13;30,1;26,6;12,05;0,25;0,31;0,27;0,32;
23;4;N;03/10/2024;RNROB2;11;24,7;21,6;11,05;0,43;0,39;0,23;0,35;
24;4;N;03/10/2024;RNROC3;7;21,4;15,1;9,85;0,3;0,34;0,39;0,35;
25;4;N;03/10/2024;RNROA5;8;24,2;19,8;9,55;0,44;0,38;0,32;0,33;
26;4;N;03/10/2024;RNROC5;7;23,4;20,6;9,35;0,33;0,39;0,41;0,26;
27;4;N;03/10/2024;RNROB3;10;26,4;17,5;9,25;0,26;0,31;0,26;0,29;
28;4;N;03/10/2024;RNROA1;8;16,8;14,5;7,35;0,34;0,28;0,3;0,24;
29;4;N;03/10/2024;RNROC1;7;27,1;18,8;7,15;0,5;0,28;0,45;0,51;
30;5;N;03/10/2024;RNGRC1;15;34,5;29,6;11,15;0,27;0,32;0,31;0,3;
31;5;N;03/10/2024;RNGRB3;11;32,4;31,7;15,35;0,31;0,28;0,24;0,28;
32;5;N;03/10/2024;RNGRA5;8;29,1;19,2;11,85;0,25;0,29;0,29;0,29;
33;5;N;03/10/2024;RNGRB1;10;26,8;29,2;12,15;0,26;0,3;0,29;0,25;
34;5;N;03/10/2024;RNGRC3;13;30,1;24,5;11,35;0,29;0,31;0,33;0,29;
35;5;N;03/10/2024;RNGRB4;12;29,2;22,5;11,35;0,24;0,22;0,33;0,28;
36;5;N;03/10/2024;RNGRA4;13;25,6;33,4;12,95;0,25;0,26;0,25;0,26;
37;5;N;03/10/2024;RNGRC2;12;30,2;26,6;9,15;0,28;0,33;0,28;0,28;
38;6;N;03/10/2024;RNROB1;7;16,1;22,6;10,35;0,42;0,38;0,43;0,35;
39;6;N;03/10/2024;RNROA4;10;21,7;19,2;10,35;0,42;0,33;0,3;0,36;
40;6;N;03/10/2024;RNROC2;9;22,5;19,8;9,05;0,4;0,39;0,36;0,28;
41;6;N;03/10/2024;RNROA3;11;26,8;24,5;10,15;0,4;0,32;0,27;0,31;
42;6;N;03/10/2024;RNROB5;7;30,1;22,6;11,85;0,32;0,26;0,33;0,37;
43;6;N;03/10/2024;RNROA2;11;22,8;20,5;10,35;0,4;0,35;0,39;0,32;
44;6;N;03/10/2024;RNROC4;10;30,5;26,2;11,55;0,38;0,32;0,33;0,37;
45;6;N;03/10/2024;RNROB4;11;20,6;23,1;9,95;0,43;0,38;0,37;0,35;
