,Number,Line,Sample,CODE,No leaves,Diameter,Perpendicular,Height,Max. Temp.,Min. Temp.,Mean. Temp.,Max. Hum.,Min. Hum.,Mean. Hum.,Combined Temperature Average,Combined Temperature Std Dev,Combined Humidity Average,Combined Humidity Std Dev,BBCH,Average Leaf Thickness
2024-09-07,1,1,W,RWGRB5,10,14.5,10.4,9.5,28.5,15.4,19.395833333333332,79.5,44.1,64.70416666666667,20.911128364389235,1.8449031296448781,60.76834886128364,9.135845606804317,19,0.0
2024-09-07,2,1,W,RWGRA3,10,10.9,9.7,9.8,28.5,15.4,19.395833333333332,79.5,44.1,64.70416666666667,20.911128364389235,1.8449031296448781,60.76834886128364,9.135845606804317,19,0.0
2024-09-07,3,1,W,RWGRC1,13,15.8,13.9,9.4,28.5,15.4,19.395833333333332,79.5,44.1,64.70416666666667,20.911128364389235,1.8449031296448781,60.76834886128364,9.135845606804317,19,0.0
2024-09-07,4,1,W,RWGRA2,10,12.1,7.2,9.5,28.5,15.4,19.395833333333332,79.5,44.1,64.70416666666667,20.911128364389235,1.8449031296448781,60.76834886128364,9.135845606804317,19,0.0
2024-09-07,5,1,W,RWGRB3,11,14.2,10.5,12.5,28.5,15.4,19.395833333333332,79.5,44.1,64.70416666666667,20.911128364389235,1.8449031296448781,60.76834886128364,9.135845606804317,19,0.0
2024-09-07,6,1,W,RWGRA4,10,11.7,9.4,10.1,28.5,15.4,19.395833333333332,79.5,44.1,64.70416666666667,20.911128364389235,1.8449031296448781,60.76834886128364,9.135845606804317,37,0.0
2024-09-07,7,1,W,RWGRC3,12,11.1,9.6,11.5,28.5,15.4,19.395833333333332,79.5,44.1,64.70416666666667,20.911128364389235,1.8449031296448781,60.76834886128364,9.135845606804317,39,0.0
2024-09-07,8,1,W,RWGRA5,10,11.3,10.8,7.8,28.5,15.4,19.395833333333332,79.5,44.1,64.70416666666667,20.911128364389235,1.8449031296448781,60.76834886128364,9.135845606804317,44,0.0
2024-09-07,9,2,W,RWGRC2,12,15.2,12.1,12.3,28.5,15.4,19.395833333333332,79.5,44.1,64.70416666666667,20.911128364389235,1.8449031296448781,60.76834886128364,9.135845606804317,19,0.0
2024-09-07,10,2,W,RWGRB4,10,12.5,13.2,14.6,28.5,15.4,19.395833333333332,79.5,44.1,64.70416666666667,20.911128364389235,1.8449031296448781,60.76834886128364,9.135845606804317,19,0.0
2024-09-07,11,2,W,RWGRC5,12,13.1,10.4,12.6,28.5,15.4,19.395833333333332,79.5,44.1,64.70416666666667,20.911128364389235,1.8449031296448781,60.76834886128364,9.135845606804317,19,0.0
2024-09-07,12,2,W,RWGRB1,11,12.3,9.8,11.9,28.5,15.4,19.395833333333332,79.5,44.1,64.70416666666667,20.911128364389235,1.8449031296448781,60.76834886128364,9.135845606804317,19,0.0
2024-09-07,13,2,W,RWGRC4,11,14.9,12.8,12.5,28.5,15.4,19.395833333333332,79.5,44.1,64.70416666666667,20.911128364389235,1.8449031296448781,60.76834886128364,9.135845606804317,19,0.0
2024-09-07,14,2,W,RWGRB2,7,12.3,7.5,13.2,28.5,15.4,19.395833333333332,79.5,44.1,64.70416666666667,20.911128364389235,1.8449031296448781,60.76834886128364,9.135845606804317,19,0.0
2024-09-07,15,2,W,RWGRA1,12,12.4,10.8,11.6,28.5,15.4,19.395833333333332,79.5,44.1,64.70416666666667,20.911128364389235,1.8449031296448781,60.76834886128364,9.135845606804317,19,0.0
2024-09-07,16,3,N,RNGRA3,9,9.8,9.7,10.7,28.5,15.4,19.395833333333332,79.5,44.1,64.70416666666667,20.911128364389235,1.8449031296448781,60.76834886128364,9.135845606804317,19,0.0
2024-09-07,17,3,N,RNGRB5,12,12.6,12.0,14.2,28.5,15.4,19.395833333333332,79.5,44.1,64.70416666666667,20.911128364389235,1.8449031296448781,60.76834886128364,9.135845606804317,19,0.0
2024-09-07,18,3,N,RNGRC4,11,15.2,13.1,10.9,28.5,15.4,19.395833333333332,79.5,44.1,64.70416666666667,20.911128364389235,1.8449031296448781,60.76834886128364,9.135845606804317,19,0.0
2024-09-07,19,3,N,RNGRA1,12,12.9,11.1,11.8,28.5,15.4,19.395833333333332,79.5,44.1,64.70416666666667,20.911128364389235,1.8449031296448781,60.76834886128364,9.135845606804317,35,0.0
2024-09-07,20,3,N,RNGRC5,12,15.5,12.9,10.5,28.5,15.4,19.395833333333332,79.5,44.1,64.70416666666667,20.911128364389235,1.8449031296448781,60.76834886128364,9.135845606804317,19,0.0
2024-09-07,21,3,N,RNGRB2,10,14.4,12.3,9.4,28.5,15.4,19.395833333333332,79.5,44.1,64.70416666666667,20.911128364389235,1.8449031296448781,60.76834886128364,9.135845606804317,19,0.0
2024-09-07,22,3,N,RNGRA2,10,11.6,10.9,9.3,28.5,15.4,19.395833333333332,79.5,44.1,64.70416666666667,20.911128364389235,1.8449031296448781,60.76834886128364,9.135845606804317,37,0.0
2024-09-07,23,4,N,RNROB2,6,11.1,8.2,8.7,28.5,15.4,19.395833333333332,79.5,44.1,64.70416666666667,20.911128364389235,1.8449031296448781,60.76834886128364,9.135845606804317,37,0.0
2024-09-07,24,4,N,RNROC3,7,11.4,10.2,9.7,28.5,15.4,19.395833333333332,79.5,44.1,64.70416666666667,20.911128364389235,1.8449031296448781,60.76834886128364,9.135845606804317,39,0.0
2024-09-07,25,4,N,RNROA5,4,9.7,5.2,8.1,28.5,15.4,19.395833333333332,79.5,44.1,64.70416666666667,20.911128364389235,1.8449031296448781,60.76834886128364,9.135845606804317,19,0.0
2024-09-07,26,4,N,RNROC5,7,10.9,8.4,7.6,28.5,15.4,19.395833333333332,79.5,44.1,64.70416666666667,20.911128364389235,1.8449031296448781,60.76834886128364,9.135845606804317,19,0.0
2024-09-07,27,4,N,RNROB3,5,11.4,10.2,9.6,28.5,15.4,19.395833333333332,79.5,44.1,64.70416666666667,20.911128364389235,1.8449031296448781,60.76834886128364,9.135845606804317,19,0.0
2024-09-07,28,4,N,RNROA1,3,6.5,4.3,5.1,28.5,15.4,19.395833333333332,79.5,44.1,64.70416666666667,20.911128364389235,1.8449031296448781,60.76834886128364,9.135845606804317,19,0.0
2024-09-07,29,4,N,RNROC1,5,11.7,7.9,9.2,28.5,15.4,19.395833333333332,79.5,44.1,64.70416666666667,20.911128364389235,1.8449031296448781,60.76834886128364,9.135845606804317,19,0.0
2024-09-07,30,5,N,RNGRC1,11,13.4,13.1,13.8,28.5,15.4,19.395833333333332,79.5,44.1,64.70416666666667,20.911128364389235,1.8449031296448781,60.76834886128364,9.135845606804317,19,0.0
2024-09-07,31,5,N,RNGRB3,10,13.3,9.5,9.9,28.5,15.4,19.395833333333332,79.5,44.1,64.70416666666667,20.911128364389235,1.8449031296448781,60.76834886128364,9.135845606804317,19,0.0
2024-09-07,32,5,N,RNGRA5,7,10.2,6.8,9.5,28.5,15.4,19.395833333333332,79.5,44.1,64.70416666666667,20.911128364389235,1.8449031296448781,60.76834886128364,9.135845606804317,19,0.0
2024-09-07,33,5,N,RNGRB1,9,11.8,9.9,9.4,28.5,15.4,19.395833333333332,79.5,44.1,64.70416666666667,20.911128364389235,1.8449031296448781,60.76834886128364,9.135845606804317,19,0.0
2024-09-07,34,5,N,RNGRC3,12,13.8,12.6,10.9,28.5,15.4,19.395833333333332,79.5,44.1,64.70416666666667,20.911128364389235,1.8449031296448781,60.76834886128364,9.135845606804317,19,0.0
2024-09-07,35,5,N,RNGRB4,10,11.3,9.8,10.4,28.5,15.4,19.395833333333332,79.5,44.1,64.70416666666667,20.911128364389235,1.8449031296448781,60.76834886128364,9.135845606804317,19,0.0
2024-09-07,36,5,N,RNGRA4,7,8.9,7.7,6.9,28.5,15.4,19.395833333333332,79.5,44.1,64.70416666666667,20.911128364389235,1.8449031296448781,60.76834886128364,9.135845606804317,19,0.0
2024-09-07,37,5,N,RNGRC2,11,15.4,12.2,12.5,28.5,15.4,19.395833333333332,79.5,44.1,64.70416666666667,20.911128364389235,1.8449031296448781,60.76834886128364,9.135845606804317,19,0.0
2024-09-07,38,6,N,RNROB1,3,6.2,5.1,8.7,28.5,15.4,19.395833333333332,79.5,44.1,64.70416666666667,20.911128364389235,1.8449031296448781,60.76834886128364,9.135845606804317,19,0.0
2024-09-07,39,6,N,RNROA4,6,12.2,8.5,10.1,28.5,15.4,19.395833333333332,79.5,44.1,64.70416666666667,20.911128364389235,1.8449031296448781,60.76834886128364,9.135845606804317,19,0.0
2024-09-07,40,6,N,RNROC2,7,14.8,12.1,11.3,28.5,15.4,19.395833333333332,79.5,44.1,64.70416666666667,20.911128364389235,1.8449031296448781,60.76834886128364,9.135845606804317,19,0.0
2024-09-07,41,6,N,RNROA3,5,12.9,11.2,11.4,28.5,15.4,19.395833333333332,79.5,44.1,64.70416666666667,20.911128364389235,1.8449031296448781,60.76834886128364,9.135845606804317,19,0.0
2024-09-07,42,6,N,RNROB5,3,7.3,4.8,9.2,28.5,15.4,19.395833333333332,79.5,44.1,64.70416666666667,20.911128364389235,1.8449031296448781,60.76834886128364,9.135845606804317,19,0.0
2024-09-07,43,6,N,RNROA2,6,12.4,10.7,8.5,28.5,15.4,19.395833333333332,79.5,44.1,64.70416666666667,20.911128364389235,1.8449031296448781,60.76834886128364,9.135845606804317,19,0.0
2024-09-07,44,6,N,RNROC4,6,12.1,10.8,11.3,28.5,15.4,19.395833333333332,79.5,44.1,64.70416666666667,20.911128364389235,1.8449031296448781,60.76834886128364,9.135845606804317,19,0.0
2024-09-07,45,6,N,RNROB4,7,13.4,9.7,12.5,28.5,15.4,19.395833333333332,79.5,44.1,64.70416666666667,20.911128364389235,1.8449031296448781,60.76834886128364,9.135845606804317,19,0.0
2024-09-11,1,1,W,RWGRB5,12,17.5,16.2,11.1,32.9,16.4,21.795833333333334,60.1,34.1,50.67083333333333,20.49285714285714,1.8474953551502025,58.48869047619048,5.950718091143668,19,0.0
2024-09-11,2,1,W,RWGRA3,10,12.5,10.7,11.8,32.9,16.4,21.795833333333334,60.1,34.1,50.67083333333333,20.49285714285714,1.8474953551502025,58.48869047619048,5.950718091143668,18,0.0
2024-09-11,3,1,W,RWGRC1,15,16.1,14.8,11.3,32.9,16.4,21.795833333333334,60.1,34.1,50.67083333333333,20.49285714285714,1.8474953551502025,58.48869047619048,5.950718091143668,19,0.0
2024-09-11,4,1,W,RWGRA2,10,12.4,12.3,10.8,32.9,16.4,21.795833333333334,60.1,34.1,50.67083333333333,20.49285714285714,1.8474953551502025,58.48869047619048,5.950718091143668,19,0.0
2024-09-11,5,1,W,RWGRB3,13,15.2,13.5,11.8,32.9,16.4,21.795833333333334,60.1,34.1,50.67083333333333,20.49285714285714,1.8474953551502025,58.48869047619048,5.950718091143668,19,0.0
2024-09-11,6,1,W,RWGRA4,11,16.2,11.8,11.1,32.9,16.4,21.795833333333334,60.1,34.1,50.67083333333333,20.49285714285714,1.8474953551502025,58.48869047619048,5.950718091143668,19,0.0
2024-09-11,7,1,W,RWGRC3,15,15.1,14.7,13.2,32.9,16.4,21.795833333333334,60.1,34.1,50.67083333333333,20.49285714285714,1.8474953551502025,58.48869047619048,5.950718091143668,19,0.0
2024-09-11,8,1,W,RWGRA5,11,12.6,12.2,9.4,32.9,16.4,21.795833333333334,60.1,34.1,50.67083333333333,20.49285714285714,1.8474953551502025,58.48869047619048,5.950718091143668,19,0.0
2024-09-11,9,2,W,RWGRC2,14,21.3,16.4,12.8,32.9,16.4,21.795833333333334,60.1,34.1,50.67083333333333,20.49285714285714,1.8474953551502025,58.48869047619048,5.950718091143668,37,0.0
2024-09-11,10,2,W,RWGRB4,10,22.1,14.7,15.2,32.9,16.4,21.795833333333334,60.1,34.1,50.67083333333333,20.49285714285714,1.8474953551502025,58.48869047619048,5.950718091143668,37,0.0
2024-09-11,11,2,W,RWGRC5,16,14.4,14.2,12.3,32.9,16.4,21.795833333333334,60.1,34.1,50.67083333333333,20.49285714285714,1.8474953551502025,58.48869047619048,5.950718091143668,39,0.0
2024-09-11,12,2,W,RWGRB1,12,16.5,13.2,13.3,32.9,16.4,21.795833333333334,60.1,34.1,50.67083333333333,20.49285714285714,1.8474953551502025,58.48869047619048,5.950718091143668,19,0.0
2024-09-11,13,2,W,RWGRC4,13,16.2,14.9,13.1,32.9,16.4,21.795833333333334,60.1,34.1,50.67083333333333,20.49285714285714,1.8474953551502025,58.48869047619048,5.950718091143668,19,0.0
2024-09-11,14,2,W,RWGRB2,10,16.1,12.2,11.1,32.9,16.4,21.795833333333334,60.1,34.1,50.67083333333333,20.49285714285714,1.8474953551502025,58.48869047619048,5.950718091143668,19,0.0
2024-09-11,15,2,W,RWGRA1,12,13.8,12.7,11.2,32.9,16.4,21.795833333333334,60.1,34.1,50.67083333333333,20.49285714285714,1.8474953551502025,58.48869047619048,5.950718091143668,19,0.0
2024-09-11,16,3,N,RNGRA3,12,14.3,12.3,12.8,32.9,16.4,21.795833333333334,60.1,34.1,50.67083333333333,20.49285714285714,1.8474953551502025,58.48869047619048,5.950718091143668,19,0.0
2024-09-11,17,3,N,RNGRB5,14,19.7,15.8,15.8,32.9,16.4,21.795833333333334,60.1,34.1,50.67083333333333,20.49285714285714,1.8474953551502025,58.48869047619048,5.950718091143668,19,0.0
2024-09-11,18,3,N,RNGRC4,12,16.8,15.7,12.8,32.9,16.4,21.795833333333334,60.1,34.1,50.67083333333333,20.49285714285714,1.8474953551502025,58.48869047619048,5.950718091143668,19,0.0
2024-09-11,19,3,N,RNGRA1,15,14.2,13.2,12.8,32.9,16.4,21.795833333333334,60.1,34.1,50.67083333333333,20.49285714285714,1.8474953551502025,58.48869047619048,5.950718091143668,19,0.0
2024-09-11,20,3,N,RNGRC5,14,19.7,12.5,12.8,32.9,16.4,21.795833333333334,60.1,34.1,50.67083333333333,20.49285714285714,1.8474953551502025,58.48869047619048,5.950718091143668,19,0.0
2024-09-11,21,3,N,RNGRB2,14,16.1,13.5,12.2,32.9,16.4,21.795833333333334,60.1,34.1,50.67083333333333,20.49285714285714,1.8474953551502025,58.48869047619048,5.950718091143668,19,0.0
2024-09-11,22,3,N,RNGRA2,13,17.3,13.8,10.3,32.9,16.4,21.795833333333334,60.1,34.1,50.67083333333333,20.49285714285714,1.8474953551502025,58.48869047619048,5.950718091143668,37,0.0
2024-09-11,23,4,N,RNROB2,6,14.1,7.9,11.5,32.9,16.4,21.795833333333334,60.1,34.1,50.67083333333333,20.49285714285714,1.8474953551502025,58.48869047619048,5.950718091143668,37,0.0
2024-09-11,24,4,N,RNROC3,9,14.2,14.8,12.8,32.9,16.4,21.795833333333334,60.1,34.1,50.67083333333333,20.49285714285714,1.8474953551502025,58.48869047619048,5.950718091143668,37,0.0
2024-09-11,25,4,N,RNROA5,6,12.4,8.3,7.8,32.9,16.4,21.795833333333334,60.1,34.1,50.67083333333333,20.49285714285714,1.8474953551502025,58.48869047619048,5.950718091143668,37,0.0
2024-09-11,26,4,N,RNROC5,9,14.3,12.5,10.8,32.9,16.4,21.795833333333334,60.1,34.1,50.67083333333333,20.49285714285714,1.8474953551502025,58.48869047619048,5.950718091143668,39,0.0
2024-09-11,27,4,N,RNROB3,8,14.4,13.2,11.1,32.9,16.4,21.795833333333334,60.1,34.1,50.67083333333333,20.49285714285714,1.8474953551502025,58.48869047619048,5.950718091143668,44,0.0
2024-09-11,28,4,N,RNROA1,3,8.6,7.2,5.5,32.9,16.4,21.795833333333334,60.1,34.1,50.67083333333333,20.49285714285714,1.8474953551502025,58.48869047619048,5.950718091143668,19,0.0
2024-09-11,29,4,N,RNROC1,8,14.3,12.1,9.6,32.9,16.4,21.795833333333334,60.1,34.1,50.67083333333333,20.49285714285714,1.8474953551502025,58.48869047619048,5.950718091143668,19,0.0
2024-09-11,30,5,N,RNGRC1,15,18.9,12.6,12.8,32.9,16.4,21.795833333333334,60.1,34.1,50.67083333333333,20.49285714285714,1.8474953551502025,58.48869047619048,5.950718091143668,19,0.0
2024-09-11,31,5,N,RNGRB3,12,17.2,11.3,12.8,32.9,16.4,21.795833333333334,60.1,34.1,50.67083333333333,20.49285714285714,1.8474953551502025,58.48869047619048,5.950718091143668,19,0.0
2024-09-11,32,5,N,RNGRA5,10,15.5,10.2,11.9,32.9,16.4,21.795833333333334,60.1,34.1,50.67083333333333,20.49285714285714,1.8474953551502025,58.48869047619048,5.950718091143668,19,0.0
2024-09-11,33,5,N,RNGRB1,11,15.4,13.8,11.6,32.9,16.4,21.795833333333334,60.1,34.1,50.67083333333333,20.49285714285714,1.8474953551502025,58.48869047619048,5.950718091143668,19,0.0
2024-09-11,34,5,N,RNGRC3,13,17.8,15.5,13.2,32.9,16.4,21.795833333333334,60.1,34.1,50.67083333333333,20.49285714285714,1.8474953551502025,58.48869047619048,5.950718091143668,19,0.0
2024-09-11,35,5,N,RNGRB4,12,16.1,13.2,11.3,32.9,16.4,21.795833333333334,60.1,34.1,50.67083333333333,20.49285714285714,1.8474953551502025,58.48869047619048,5.950718091143668,19,0.0
2024-09-11,36,5,N,RNGRA4,8,11.9,8.6,9.7,32.9,16.4,21.795833333333334,60.1,34.1,50.67083333333333,20.49285714285714,1.8474953551502025,58.48869047619048,5.950718091143668,19,0.0
2024-09-11,37,5,N,RNGRC2,11,20.4,13.8,14.1,32.9,16.4,21.795833333333334,60.1,34.1,50.67083333333333,20.49285714285714,1.8474953551502025,58.48869047619048,5.950718091143668,19,0.0
2024-09-11,38,6,N,RNROB1,4,8.4,7.6,7.9,32.9,16.4,21.795833333333334,60.1,34.1,50.67083333333333,20.49285714285714,1.8474953551502025,58.48869047619048,5.950718091143668,19,0.0
2024-09-11,39,6,N,RNROA4,8,16.9,13.2,10.6,32.9,16.4,21.795833333333334,60.1,34.1,50.67083333333333,20.49285714285714,1.8474953551502025,58.48869047619048,5.950718091143668,19,0.0
2024-09-11,40,6,N,RNROC2,9,17.8,12.1,12.1,32.9,16.4,21.795833333333334,60.1,34.1,50.67083333333333,20.49285714285714,1.8474953551502025,58.48869047619048,5.950718091143668,19,0.0
2024-09-11,41,6,N,RNROA3,8,16.8,12.7,10.5,32.9,16.4,21.795833333333334,60.1,34.1,50.67083333333333,20.49285714285714,1.8474953551502025,58.48869047619048,5.950718091143668,19,0.0
2024-09-11,42,6,N,RNROB5,6,13.1,9.6,7.5,32.9,16.4,21.795833333333334,60.1,34.1,50.67083333333333,20.49285714285714,1.8474953551502025,58.48869047619048,5.950718091143668,19,0.0
2024-09-11,43,6,N,RNROA2,7,13.4,11.5,9.6,32.9,16.4,21.795833333333334,60.1,34.1,50.67083333333333,20.49285714285714,1.8474953551502025,58.48869047619048,5.950718091143668,19,0.0
2024-09-11,44,6,N,RNROC4,8,12.8,11.9,9.6,32.9,16.4,21.795833333333334,60.1,34.1,50.67083333333333,20.49285714285714,1.8474953551502025,58.48869047619048,5.950718091143668,19,0.0
2024-09-11,45,6,N,RNROB4,8,14.6,14.3,12.1,32.9,16.4,21.795833333333334,60.1,34.1,50.67083333333333,20.49285714285714,1.8474953551502025,58.48869047619048,5.950718091143668,19,0.0
2024-09-14,1,1,W,RWGRB5,13,19.1,16.8,10.4,36.1,18.6,24.875,34.8,18.3,27.07916666666667,21.976984126984124,2.458189059527555,56.90106516290727,9.096700222879068,19,0.0
2024-09-14,2,1,W,RWGRA3,13,17.8,15.1,11.3,36.1,18.6,24.875,34.8,18.3,27.07916666666667,21.976984126984124,2.458189059527555,56.90106516290727,9.096700222879068,37,0.0
2024-09-14,3,1,W,RWGRC1,17,18.1,18.5,9.7,36.1,18.6,24.875,34.8,18.3,27.07916666666667,21.976984126984124,2.458189059527555,56.90106516290727,9.096700222879068,37,0.0
2024-09-14,4,1,W,RWGRA2,14,16.2,16.5,10.2,36.1,18.6,24.875,34.8,18.3,27.07916666666667,21.976984126984124,2.458189059527555,56.90106516290727,9.096700222879068,39,0.0
2024-09-14,5,1,W,RWGRB3,11,20.5,17.6,10.1,36.1,18.6,24.875,34.8,18.3,27.07916666666667,21.976984126984124,2.458189059527555,56.90106516290727,9.096700222879068,39,0.0
2024-09-14,6,1,W,RWGRA4,11,19.5,14.2,8.7,36.1,18.6,24.875,34.8,18.3,27.07916666666667,21.976984126984124,2.458189059527555,56.90106516290727,9.096700222879068,45,0.0
2024-09-14,7,1,W,RWGRC3,13,18.1,16.5,10.2,36.1,18.6,24.875,34.8,18.3,27.07916666666667,21.976984126984124,2.458189059527555,56.90106516290727,9.096700222879068,19,0.0
2024-09-14,8,1,W,RWGRA5,14,17.3,14.2,9.7,36.1,18.6,24.875,34.8,18.3,27.07916666666667,21.976984126984124,2.458189059527555,56.90106516290727,9.096700222879068,19,0.0
2024-09-14,9,2,W,RWGRC2,16,20.9,19.6,11.5,36.1,18.6,24.875,34.8,18.3,27.07916666666667,21.976984126984124,2.458189059527555,56.90106516290727,9.096700222879068,19,0.0
2024-09-14,10,2,W,RWGRB4,14,23.6,20.7,12.2,36.1,18.6,24.875,34.8,18.3,27.07916666666667,21.976984126984124,2.458189059527555,56.90106516290727,9.096700222879068,19,0.0
2024-09-14,11,2,W,RWGRC5,13,19.2,18.1,11.8,36.1,18.6,24.875,34.8,18.3,27.07916666666667,21.976984126984124,2.458189059527555,56.90106516290727,9.096700222879068,37,0.0
2024-09-14,12,2,W,RWGRB1,12,20.1,19.8,12.2,36.1,18.6,24.875,34.8,18.3,27.07916666666667,21.976984126984124,2.458189059527555,56.90106516290727,9.096700222879068,37,0.0
2024-09-14,13,2,W,RWGRC4,14,18.9,19.6,10.7,36.1,18.6,24.875,34.8,18.3,27.07916666666667,21.976984126984124,2.458189059527555,56.90106516290727,9.096700222879068,37,0.0
2024-09-14,14,2,W,RWGRB2,11,14.7,11.7,10.2,36.1,18.6,24.875,34.8,18.3,27.07916666666667,21.976984126984124,2.458189059527555,56.90106516290727,9.096700222879068,45,0.0
2024-09-14,15,2,W,RWGRA1,15,17.9,17.1,11.4,36.1,18.6,24.875,34.8,18.3,27.07916666666667,21.976984126984124,2.458189059527555,56.90106516290727,9.096700222879068,17,0.0
2024-09-14,16,3,N,RNGRA3,12,21.2,13.8,12.5,36.1,18.6,24.875,34.8,18.3,27.07916666666667,21.976984126984124,2.458189059527555,56.90106516290727,9.096700222879068,19,0.0
2024-09-14,17,3,N,RNGRB5,13,23.6,22.4,12.8,36.1,18.6,24.875,34.8,18.3,27.07916666666667,21.976984126984124,2.458189059527555,56.90106516290727,9.096700222879068,19,0.0
2024-09-14,18,3,N,RNGRC4,15,21.5,20.4,13.1,36.1,18.6,24.875,34.8,18.3,27.07916666666667,21.976984126984124,2.458189059527555,56.90106516290727,9.096700222879068,19,0.0
2024-09-14,19,3,N,RNGRA1,13,17.5,15.6,11.8,36.1,18.6,24.875,34.8,18.3,27.07916666666667,21.976984126984124,2.458189059527555,56.90106516290727,9.096700222879068,17,0.0
2024-09-14,20,3,N,RNGRC5,14,21.1,17.8,12.2,36.1,18.6,24.875,34.8,18.3,27.07916666666667,21.976984126984124,2.458189059527555,56.90106516290727,9.096700222879068,19,0.0
2024-09-14,21,3,N,RNGRB2,12,18.4,18.9,11.9,36.1,18.6,24.875,34.8,18.3,27.07916666666667,21.976984126984124,2.458189059527555,56.90106516290727,9.096700222879068,17,0.0
2024-09-14,22,3,N,RNGRA2,12,21.2,17.7,10.2,36.1,18.6,24.875,34.8,18.3,27.07916666666667,21.976984126984124,2.458189059527555,56.90106516290727,9.096700222879068,19,0.0
2024-09-14,23,4,N,RNROB2,9,18.8,14.1,11.6,36.1,18.6,24.875,34.8,18.3,27.07916666666667,21.976984126984124,2.458189059527555,56.90106516290727,9.096700222879068,19,0.0
2024-09-14,24,4,N,RNROC3,9,16.4,15.8,11.2,36.1,18.6,24.875,34.8,18.3,27.07916666666667,21.976984126984124,2.458189059527555,56.90106516290727,9.096700222879068,19,0.0
2024-09-14,25,4,N,RNROA5,7,13.3,11.2,8.1,36.1,18.6,24.875,34.8,18.3,27.07916666666667,21.976984126984124,2.458189059527555,56.90106516290727,9.096700222879068,19,0.0
2024-09-14,26,4,N,RNROC5,9,16.7,15.8,11.2,36.1,18.6,24.875,34.8,18.3,27.07916666666667,21.976984126984124,2.458189059527555,56.90106516290727,9.096700222879068,19,0.0
2024-09-14,27,4,N,RNROB3,8,18.7,15.2,9.6,36.1,18.6,24.875,34.8,18.3,27.07916666666667,21.976984126984124,2.458189059527555,56.90106516290727,9.096700222879068,19,0.0
2024-09-14,28,4,N,RNROA1,5,9.6,7.8,7.1,36.1,18.6,24.875,34.8,18.3,27.07916666666667,21.976984126984124,2.458189059527555,56.90106516290727,9.096700222879068,19,0.0
2024-09-14,29,4,N,RNROC1,9,15.3,12.5,11.2,36.1,18.6,24.875,34.8,18.3,27.07916666666667,21.976984126984124,2.458189059527555,56.90106516290727,9.096700222879068,19,0.0
2024-09-14,30,5,N,RNGRC1,15,20.7,19.2,13.4,36.1,18.6,24.875,34.8,18.3,27.07916666666667,21.976984126984124,2.458189059527555,56.90106516290727,9.096700222879068,19,0.0
2024-09-14,31,5,N,RNGRB3,14,21.1,16.4,13.8,36.1,18.6,24.875,34.8,18.3,27.07916666666667,21.976984126984124,2.458189059527555,56.90106516290727,9.096700222879068,19,0.0
2024-09-14,32,5,N,RNGRA5,11,15.4,17.1,12.8,36.1,18.6,24.875,34.8,18.3,27.07916666666667,21.976984126984124,2.458189059527555,56.90106516290727,9.096700222879068,19,0.0
2024-09-14,33,5,N,RNGRB1,12,21.2,17.4,13.6,36.1,18.6,24.875,34.8,18.3,27.07916666666667,21.976984126984124,2.458189059527555,56.90106516290727,9.096700222879068,19,0.0
2024-09-14,34,5,N,RNGRC3,14,20.2,22.4,13.1,36.1,18.6,24.875,34.8,18.3,27.07916666666667,21.976984126984124,2.458189059527555,56.90106516290727,9.096700222879068,19,0.0
2024-09-14,35,5,N,RNGRB4,15,19.4,17.8,11.4,36.1,18.6,24.875,34.8,18.3,27.07916666666667,21.976984126984124,2.458189059527555,56.90106516290727,9.096700222879068,19,0.0
2024-09-14,36,5,N,RNGRA4,10,15.4,12.7,12.9,36.1,18.6,24.875,34.8,18.3,27.07916666666667,21.976984126984124,2.458189059527555,56.90106516290727,9.096700222879068,19,0.0
2024-09-14,37,5,N,RNGRC2,12,17.9,20.2,13.3,36.1,18.6,24.875,34.8,18.3,27.07916666666667,21.976984126984124,2.458189059527555,56.90106516290727,9.096700222879068,19,0.0
2024-09-14,38,6,N,RNROB1,5,10.4,9.7,7.9,36.1,18.6,24.875,34.8,18.3,27.07916666666667,21.976984126984124,2.458189059527555,56.90106516290727,9.096700222879068,19,0.0
2024-09-14,39,6,N,RNROA4,9,17.8,17.4,11.2,36.1,18.6,24.875,34.8,18.3,27.07916666666667,21.976984126984124,2.458189059527555,56.90106516290727,9.096700222879068,19,0.0
2024-09-14,40,6,N,RNROC2,10,20.1,14.5,12.8,36.1,18.6,24.875,34.8,18.3,27.07916666666667,21.976984126984124,2.458189059527555,56.90106516290727,9.096700222879068,19,0.0
2024-09-14,41,6,N,RNROA3,9,19.2,13.8,10.4,36.1,18.6,24.875,34.8,18.3,27.07916666666667,21.976984126984124,2.458189059527555,56.90106516290727,9.096700222879068,19,0.0
2024-09-14,42,6,N,RNROB5,8,14.1,11.9,11.4,36.1,18.6,24.875,34.8,18.3,27.07916666666667,21.976984126984124,2.458189059527555,56.90106516290727,9.096700222879068,37,0.0
2024-09-14,43,6,N,RNROA2,9,16.4,14.2,10.4,36.1,18.6,24.875,34.8,18.3,27.07916666666667,21.976984126984124,2.458189059527555,56.90106516290727,9.096700222879068,37,0.0
2024-09-14,44,6,N,RNROC4,10,16.3,15.7,10.8,36.1,18.6,24.875,34.8,18.3,27.07916666666667,21.976984126984124,2.458189059527555,56.90106516290727,9.096700222879068,39,0.0
2024-09-14,45,6,N,RNROB4,11,19.4,16.8,12.5,36.1,18.6,24.875,34.8,18.3,27.07916666666667,21.976984126984124,2.458189059527555,56.90106516290727,9.096700222879068,39,0.0
2024-09-17,1,1,W,RWGRB5,13,21.4,19.3,11.6,32.717896,23.187569,27.683355666666664,26.927347,16.924864,22.851474444444445,24.36631521031746,2.265921432321061,40.79419128790727,16.298904490088155,46,0.0
2024-09-17,2,1,W,RWGRA3,13,17.6,15.8,10.9,32.717896,23.187569,27.683355666666664,26.927347,16.924864,22.851474444444445,24.36631521031746,2.265921432321061,40.79419128790727,16.298904490088155,19,0.0
2024-09-17,3,1,W,RWGRC1,15,19.6,19.2,10.2,32.717896,23.187569,27.683355666666664,26.927347,16.924864,22.851474444444445,24.36631521031746,2.265921432321061,40.79419128790727,16.298904490088155,19,0.0
2024-09-17,4,1,W,RWGRA2,13,17.2,15.5,11.1,32.717896,23.187569,27.683355666666664,26.927347,16.924864,22.851474444444445,24.36631521031746,2.265921432321061,40.79419128790727,16.298904490088155,19,0.0
2024-09-17,5,1,W,RWGRB3,11,22.2,20.2,9.5,32.717896,23.187569,27.683355666666664,26.927347,16.924864,22.851474444444445,24.36631521031746,2.265921432321061,40.79419128790727,16.298904490088155,37,0.0
2024-09-17,6,1,W,RWGRA4,10,18.1,16.2,10.2,32.717896,23.187569,27.683355666666664,26.927347,16.924864,22.851474444444445,24.36631521031746,2.265921432321061,40.79419128790727,16.298904490088155,37,0.0
2024-09-17,7,1,W,RWGRC3,15,20.2,16.3,10.8,32.717896,23.187569,27.683355666666664,26.927347,16.924864,22.851474444444445,24.36631521031746,2.265921432321061,40.79419128790727,16.298904490088155,39,0.0
2024-09-17,8,1,W,RWGRA5,13,19.8,17.7,11.8,32.717896,23.187569,27.683355666666664,26.927347,16.924864,22.851474444444445,24.36631521031746,2.265921432321061,40.79419128790727,16.298904490088155,39,0.0
2024-09-17,9,2,W,RWGRC2,15,22.8,21.2,13.2,32.717896,23.187569,27.683355666666664,26.927347,16.924864,22.851474444444445,24.36631521031746,2.265921432321061,40.79419128790727,16.298904490088155,45,0.0
2024-09-17,10,2,W,RWGRB4,16,27.1,23.8,14.2,32.717896,23.187569,27.683355666666664,26.927347,16.924864,22.851474444444445,24.36631521031746,2.265921432321061,40.79419128790727,16.298904490088155,19,0.0
2024-09-17,11,2,W,RWGRC5,15,19.8,20.4,11.8,32.717896,23.187569,27.683355666666664,26.927347,16.924864,22.851474444444445,24.36631521031746,2.265921432321061,40.79419128790727,16.298904490088155,19,0.0
2024-09-17,12,2,W,RWGRB1,17,22.5,22.3,12.5,32.717896,23.187569,27.683355666666664,26.927347,16.924864,22.851474444444445,24.36631521031746,2.265921432321061,40.79419128790727,16.298904490088155,19,0.0
2024-09-17,13,2,W,RWGRC4,14,22.1,19.8,11.8,32.717896,23.187569,27.683355666666664,26.927347,16.924864,22.851474444444445,24.36631521031746,2.265921432321061,40.79419128790727,16.298904490088155,37,0.0
2024-09-17,14,2,W,RWGRB2,12,15.6,12.2,9.1,32.717896,23.187569,27.683355666666664,26.927347,16.924864,22.851474444444445,24.36631521031746,2.265921432321061,40.79419128790727,16.298904490088155,37,0.0
2024-09-17,15,2,W,RWGRA1,15,20.2,18.7,10.3,32.717896,23.187569,27.683355666666664,26.927347,16.924864,22.851474444444445,24.36631521031746,2.265921432321061,40.79419128790727,16.298904490088155,39,0.0
2024-09-17,16,3,N,RNGRA3,14,21.5,16.8,11.3,32.717896,23.187569,27.683355666666664,26.927347,16.924864,22.851474444444445,24.36631521031746,2.265921432321061,40.79419128790727,16.298904490088155,39,0.0
2024-09-17,17,3,N,RNGRB5,16,23.8,23.2,14.2,32.717896,23.187569,27.683355666666664,26.927347,16.924864,22.851474444444445,24.36631521031746,2.265921432321061,40.79419128790727,16.298904490088155,44,0.0
2024-09-17,18,3,N,RNGRC4,16,23.1,20.8,11.8,32.717896,23.187569,27.683355666666664,26.927347,16.924864,22.851474444444445,24.36631521031746,2.265921432321061,40.79419128790727,16.298904490088155,19,0.0
2024-09-17,19,3,N,RNGRA1,16,20.3,17.3,13.2,32.717896,23.187569,27.683355666666664,26.927347,16.924864,22.851474444444445,24.36631521031746,2.265921432321061,40.79419128790727,16.298904490088155,19,0.0
2024-09-17,20,3,N,RNGRC5,15,23.3,18.2,12.9,32.717896,23.187569,27.683355666666664,26.927347,16.924864,22.851474444444445,24.36631521031746,2.265921432321061,40.79419128790727,16.298904490088155,19,0.0
2024-09-17,21,3,N,RNGRB2,15,23.4,19.6,11.5,32.717896,23.187569,27.683355666666664,26.927347,16.924864,22.851474444444445,24.36631521031746,2.265921432321061,40.79419128790727,16.298904490088155,19,0.0
2024-09-17,22,3,N,RNGRA2,13,20.8,19.6,12.5,32.717896,23.187569,27.683355666666664,26.927347,16.924864,22.851474444444445,24.36631521031746,2.265921432321061,40.79419128790727,16.298904490088155,37,0.0
2024-09-17,23,4,N,RNROB2,10,19.8,15.7,9.9,32.717896,23.187569,27.683355666666664,26.927347,16.924864,22.851474444444445,24.36631521031746,2.265921432321061,40.79419128790727,16.298904490088155,37,0.0
2024-09-17,24,4,N,RNROC3,10,20.4,16.2,12.1,32.717896,23.187569,27.683355666666664,26.927347,16.924864,22.851474444444445,24.36631521031746,2.265921432321061,40.79419128790727,16.298904490088155,39,0.0
2024-09-17,25,4,N,RNROA5,7,15.3,13.8,10.1,32.717896,23.187569,27.683355666666664,26.927347,16.924864,22.851474444444445,24.36631521031746,2.265921432321061,40.79419128790727,16.298904490088155,44,0.0
2024-09-17,26,4,N,RNROC5,11,18.3,16.2,11.1,32.717896,23.187569,27.683355666666664,26.927347,16.924864,22.851474444444445,24.36631521031746,2.265921432321061,40.79419128790727,16.298904490088155,19,0.0
2024-09-17,27,4,N,RNROB3,9,20.5,15.6,10.4,32.717896,23.187569,27.683355666666664,26.927347,16.924864,22.851474444444445,24.36631521031746,2.265921432321061,40.79419128790727,16.298904490088155,19,0.0
2024-09-17,28,4,N,RNROA1,4,9.8,8.1,7.9,32.717896,23.187569,27.683355666666664,26.927347,16.924864,22.851474444444445,24.36631521031746,2.265921432321061,40.79419128790727,16.298904490088155,19,0.0
2024-09-17,29,4,N,RNROC1,9,18.4,17.1,10.3,32.717896,23.187569,27.683355666666664,26.927347,16.924864,22.851474444444445,24.36631521031746,2.265921432321061,40.79419128790727,16.298904490088155,19,0.0
2024-09-17,30,5,N,RNGRC1,16,21.8,19.7,14.2,32.717896,23.187569,27.683355666666664,26.927347,16.924864,22.851474444444445,24.36631521031746,2.265921432321061,40.79419128790727,16.298904490088155,19,0.0
2024-09-17,31,5,N,RNGRB3,16,23.2,19.7,15.1,32.717896,23.187569,27.683355666666664,26.927347,16.924864,22.851474444444445,24.36631521031746,2.265921432321061,40.79419128790727,16.298904490088155,39,0.0
2024-09-17,32,5,N,RNGRA5,14,20.4,18.2,12.8,32.717896,23.187569,27.683355666666664,26.927347,16.924864,22.851474444444445,24.36631521031746,2.265921432321061,40.79419128790727,16.298904490088155,46,0.0
2024-09-17,33,5,N,RNGRB1,15,21.3,19.5,13.4,32.717896,23.187569,27.683355666666664,26.927347,16.924864,22.851474444444445,24.36631521031746,2.265921432321061,40.79419128790727,16.298904490088155,46,0.0
2024-09-17,34,5,N,RNGRC3,16,21.7,21.5,13.1,32.717896,23.187569,27.683355666666664,26.927347,16.924864,22.851474444444445,24.36631521031746,2.265921432321061,40.79419128790727,16.298904490088155,19,0.0
2024-09-17,35,5,N,RNGRB4,15,19.9,20.7,13.2,32.717896,23.187569,27.683355666666664,26.927347,16.924864,22.851474444444445,24.36631521031746,2.265921432321061,40.79419128790727,16.298904490088155,19,0.0
2024-09-17,36,5,N,RNGRA4,11,19.2,15.5,12.1,32.717896,23.187569,27.683355666666664,26.927347,16.924864,22.851474444444445,24.36631521031746,2.265921432321061,40.79419128790727,16.298904490088155,19,0.0
2024-09-17,37,5,N,RNGRC2,13,23.4,20.6,13.1,32.717896,23.187569,27.683355666666664,26.927347,16.924864,22.851474444444445,24.36631521031746,2.265921432321061,40.79419128790727,16.298904490088155,19,0.0
2024-09-17,38,6,N,RNROB1,6,12.6,11.5,8.4,32.717896,23.187569,27.683355666666664,26.927347,16.924864,22.851474444444445,24.36631521031746,2.265921432321061,40.79419128790727,16.298904490088155,19,0.0
2024-09-17,39,6,N,RNROA4,9,19.4,15.5,10.8,32.717896,23.187569,27.683355666666664,26.927347,16.924864,22.851474444444445,24.36631521031746,2.265921432321061,40.79419128790727,16.298904490088155,19,0.0
2024-09-17,40,6,N,RNROC2,10,21.8,16.1,11.3,32.717896,23.187569,27.683355666666664,26.927347,16.924864,22.851474444444445,24.36631521031746,2.265921432321061,40.79419128790727,16.298904490088155,19,0.0
2024-09-17,41,6,N,RNROA3,10,18.8,14.6,10.1,32.717896,23.187569,27.683355666666664,26.927347,16.924864,22.851474444444445,24.36631521031746,2.265921432321061,40.79419128790727,16.298904490088155,19,0.0
2024-09-17,42,6,N,RNROB5,9,15.7,13.1,11.9,32.717896,23.187569,27.683355666666664,26.927347,16.924864,22.851474444444445,24.36631521031746,2.265921432321061,40.79419128790727,16.298904490088155,16,0.0
2024-09-17,43,6,N,RNROA2,11,16.8,15.9,9.9,32.717896,23.187569,27.683355666666664,26.927347,16.924864,22.851474444444445,24.36631521031746,2.265921432321061,40.79419128790727,16.298904490088155,16,0.0
2024-09-17,44,6,N,RNROC4,10,19.6,17.7,12.1,32.717896,23.187569,27.683355666666664,26.927347,16.924864,22.851474444444445,24.36631521031746,2.265921432321061,40.79419128790727,16.298904490088155,19,0.0
2024-09-17,45,6,N,RNROB4,12,20.6,17.1,12.3,32.717896,23.187569,27.683355666666664,26.927347,16.924864,22.851474444444445,24.36631521031746,2.265921432321061,40.79419128790727,16.298904490088155,19,0.0
2024-09-20,1,1,W,RWGRB5,13,22.1,21.8,10.15,29.394903,20.033173,22.4617084,75.488213,52.326103,63.694005000000004,25.481627383786847,1.9030497525224717,32.665456596655325,11.477246237473627,19,0.3533333333333333
2024-09-20,2,1,W,RWGRA3,13,22.4,19.6,6.15,29.394903,20.033173,22.4617084,75.488213,52.326103,63.694005000000004,25.481627383786847,1.9030497525224717,32.665456596655325,11.477246237473627,19,0.31
2024-09-20,3,1,W,RWGRC1,15,24.6,21.7,8.65,29.394903,20.033173,22.4617084,75.488213,52.326103,63.694005000000004,25.481627383786847,1.9030497525224717,32.665456596655325,11.477246237473627,19,0.41333333333333333
2024-09-20,4,1,W,RWGRA2,13,18.7,18.1,8.15,29.394903,20.033173,22.4617084,75.488213,52.326103,63.694005000000004,25.481627383786847,1.9030497525224717,32.665456596655325,11.477246237473627,19,0.38999999999999996
2024-09-20,5,1,W,RWGRB3,11,22.9,21.8,7.45,29.394903,20.033173,22.4617084,75.488213,52.326103,63.694005000000004,25.481627383786847,1.9030497525224717,32.665456596655325,11.477246237473627,17,0.3433333333333333
2024-09-20,6,1,W,RWGRA4,11,23.1,19.6,9.55,29.394903,20.033173,22.4617084,75.488213,52.326103,63.694005000000004,25.481627383786847,1.9030497525224717,32.665456596655325,11.477246237473627,19,0.4000000000000001
2024-09-20,7,1,W,RWGRC3,13,22.1,21.8,7.05,29.394903,20.033173,22.4617084,75.488213,52.326103,63.694005000000004,25.481627383786847,1.9030497525224717,32.665456596655325,11.477246237473627,19,0.31666666666666665
2024-09-20,8,1,W,RWGRA5,13,19.6,18.8,9.35,29.394903,20.033173,22.4617084,75.488213,52.326103,63.694005000000004,25.481627383786847,1.9030497525224717,32.665456596655325,11.477246237473627,19,0.3833333333333333
2024-09-20,9,2,W,RWGRC2,16,23.2,21.6,9.55,29.394903,20.033173,22.4617084,75.488213,52.326103,63.694005000000004,25.481627383786847,1.9030497525224717,32.665456596655325,11.477246237473627,19,0.3633333333333333
2024-09-20,10,2,W,RWGRB4,15,27.2,24.6,9.45,29.394903,20.033173,22.4617084,75.488213,52.326103,63.694005000000004,25.481627383786847,1.9030497525224717,32.665456596655325,11.477246237473627,19,0.32
2024-09-20,11,2,W,RWGRC5,15,24.6,22.2,9.45,29.394903,20.033173,22.4617084,75.488213,52.326103,63.694005000000004,25.481627383786847,1.9030497525224717,32.665456596655325,11.477246237473627,16,0.34
2024-09-20,12,2,W,RWGRB1,15,27.5,25.1,10.55,29.394903,20.033173,22.4617084,75.488213,52.326103,63.694005000000004,25.481627383786847,1.9030497525224717,32.665456596655325,11.477246237473627,17,0.3433333333333333
2024-09-20,13,2,W,RWGRC4,16,22.4,21.6,9.55,29.394903,20.033173,22.4617084,75.488213,52.326103,63.694005000000004,25.481627383786847,1.9030497525224717,32.665456596655325,11.477246237473627,14,0.38000000000000006
2024-09-20,14,2,W,RWGRB2,7,16.4,7.5,5.95,29.394903,20.033173,22.4617084,75.488213,52.326103,63.694005000000004,25.481627383786847,1.9030497525224717,32.665456596655325,11.477246237473627,16,0.26
2024-09-20,15,2,W,RWGRA1,12,22.4,20.3,9.95,29.394903,20.033173,22.4617084,75.488213,52.326103,63.694005000000004,25.481627383786847,1.9030497525224717,32.665456596655325,11.477246237473627,17,0.32666666666666666
2024-09-20,16,3,N,RNGRA3,14,21.5,20.4,11.9,29.394903,20.033173,22.4617084,75.488213,52.326103,63.694005000000004,25.481627383786847,1.9030497525224717,32.665456596655325,11.477246237473627,17,0.4166666666666667
2024-09-20,17,3,N,RNGRB5,16,26.8,23.4,8.95,29.394903,20.033173,22.4617084,75.488213,52.326103,63.694005000000004,25.481627383786847,1.9030497525224717,32.665456596655325,11.477246237473627,18,0.39666666666666667
2024-09-20,18,3,N,RNGRC4,15,26.4,23.4,10.15,29.394903,20.033173,22.4617084,75.488213,52.326103,63.694005000000004,25.481627383786847,1.9030497525224717,32.665456596655325,11.477246237473627,18,0.3933333333333333
2024-09-20,19,3,N,RNGRA1,11,23.1,22.8,9.35,29.394903,20.033173,22.4617084,75.488213,52.326103,63.694005000000004,25.481627383786847,1.9030497525224717,32.665456596655325,11.477246237473627,19,0.35666666666666663
2024-09-20,20,3,N,RNGRC5,17,23.6,20.8,9.45,29.394903,20.033173,22.4617084,75.488213,52.326103,63.694005000000004,25.481627383786847,1.9030497525224717,32.665456596655325,11.477246237473627,18,0.33666666666666667
2024-09-20,21,3,N,RNGRB2,14,24.6,24.4,9.55,29.394903,20.033173,22.4617084,75.488213,52.326103,63.694005000000004,25.481627383786847,1.9030497525224717,32.665456596655325,11.477246237473627,17,0.32333333333333336
2024-09-20,22,3,N,RNGRA2,12,22.7,18.6,11.05,29.394903,20.033173,22.4617084,75.488213,52.326103,63.694005000000004,25.481627383786847,1.9030497525224717,32.665456596655325,11.477246237473627,19,0.33666666666666667
2024-09-20,23,4,N,RNROB2,10,21.6,18.5,8.45,29.394903,20.033173,22.4617084,75.488213,52.326103,63.694005000000004,25.481627383786847,1.9030497525224717,32.665456596655325,11.477246237473627,19,0.24
2024-09-20,24,4,N,RNROC3,12,18.1,16.4,7.05,29.394903,20.033173,22.4617084,75.488213,52.326103,63.694005000000004,25.481627383786847,1.9030497525224717,32.665456596655325,11.477246237473627,19,0.2933333333333334
2024-09-20,25,4,N,RNROA5,8,19.7,13.5,7.55,29.394903,20.033173,22.4617084,75.488213,52.326103,63.694005000000004,25.481627383786847,1.9030497525224717,32.665456596655325,11.477246237473627,18,0.3066666666666667
2024-09-20,26,4,N,RNROC5,8,19.6,17.5,8.35,29.394903,20.033173,22.4617084,75.488213,52.326103,63.694005000000004,25.481627383786847,1.9030497525224717,32.665456596655325,11.477246237473627,19,0.32666666666666666
2024-09-20,27,4,N,RNROB3,11,19.7,18.3,8.05,29.394903,20.033173,22.4617084,75.488213,52.326103,63.694005000000004,25.481627383786847,1.9030497525224717,32.665456596655325,11.477246237473627,16,0.29
2024-09-20,28,4,N,RNROA1,5,11.1,10.2,6.5,29.394903,20.033173,22.4617084,75.488213,52.326103,63.694005000000004,25.481627383786847,1.9030497525224717,32.665456596655325,11.477246237473627,17,0.0
2024-09-20,29,4,N,RNROC1,9,18.6,17.1,7.05,29.394903,20.033173,22.4617084,75.488213,52.326103,63.694005000000004,25.481627383786847,1.9030497525224717,32.665456596655325,11.477246237473627,15,0.3233333333333333
2024-09-20,30,5,N,RNGRC1,16,25.6,24.3,11.55,29.394903,20.033173,22.4617084,75.488213,52.326103,63.694005000000004,25.481627383786847,1.9030497525224717,32.665456596655325,11.477246237473627,18,0.30333333333333334
2024-09-20,31,5,N,RNGRB3,17,24.8,16.2,13.15,29.394903,20.033173,22.4617084,75.488213,52.326103,63.694005000000004,25.481627383786847,1.9030497525224717,32.665456596655325,11.477246237473627,18,0.3033333333333333
2024-09-20,32,5,N,RNGRA5,13,22.6,20.8,8.55,29.394903,20.033173,22.4617084,75.488213,52.326103,63.694005000000004,25.481627383786847,1.9030497525224717,32.665456596655325,11.477246237473627,19,0.27
2024-09-20,33,5,N,RNGRB1,11,24.3,22.1,10.45,29.394903,20.033173,22.4617084,75.488213,52.326103,63.694005000000004,25.481627383786847,1.9030497525224717,32.665456596655325,11.477246237473627,19,0.3499999999999999
2024-09-20,34,5,N,RNGRC3,13,23.4,21.3,10.55,29.394903,20.033173,22.4617084,75.488213,52.326103,63.694005000000004,25.481627383786847,1.9030497525224717,32.665456596655325,11.477246237473627,19,0.3466666666666667
2024-09-20,35,5,N,RNGRB4,15,22.5,20.3,11.05,29.394903,20.033173,22.4617084,75.488213,52.326103,63.694005000000004,25.481627383786847,1.9030497525224717,32.665456596655325,11.477246237473627,18,0.2933333333333333
2024-09-20,36,5,N,RNGRA4,10,20.1,16.7,10.25,29.394903,20.033173,22.4617084,75.488213,52.326103,63.694005000000004,25.481627383786847,1.9030497525224717,32.665456596655325,11.477246237473627,19,0.2833333333333334
2024-09-20,37,5,N,RNGRC2,13,25.2,22.6,9.15,29.394903,20.033173,22.4617084,75.488213,52.326103,63.694005000000004,25.481627383786847,1.9030497525224717,32.665456596655325,11.477246237473627,13,0.31
2024-09-20,38,6,N,RNROB1,6,17.3,14.2,10.4,29.394903,20.033173,22.4617084,75.488213,52.326103,63.694005000000004,25.481627383786847,1.9030497525224717,32.665456596655325,11.477246237473627,13,0.2966666666666667
2024-09-20,39,6,N,RNROA4,11,21.1,18.6,6.55,29.394903,20.033173,22.4617084,75.488213,52.326103,63.694005000000004,25.481627383786847,1.9030497525224717,32.665456596655325,11.477246237473627,15,0.33
2024-09-20,40,6,N,RNROC2,10,22.7,17.3,7.55,29.394903,20.033173,22.4617084,75.488213,52.326103,63.694005000000004,25.481627383786847,1.9030497525224717,32.665456596655325,11.477246237473627,14,0.33666666666666667
2024-09-20,41,6,N,RNROA3,10,21.6,17.7,8.05,29.394903,20.033173,22.4617084,75.488213,52.326103,63.694005000000004,25.481627383786847,1.9030497525224717,32.665456596655325,11.477246237473627,15,0.2933333333333334
2024-09-20,42,6,N,RNROB5,12,19.3,14.5,6.85,29.394903,20.033173,22.4617084,75.488213,52.326103,63.694005000000004,25.481627383786847,1.9030497525224717,32.665456596655325,11.477246237473627,16,0.22999999999999998
2024-09-20,43,6,N,RNROA2,8,19.1,17.4,7.55,29.394903,20.033173,22.4617084,75.488213,52.326103,63.694005000000004,25.481627383786847,1.9030497525224717,32.665456596655325,11.477246237473627,16,0.30666666666666664
2024-09-20,44,6,N,RNROC4,12,21.2,18.3,8.45,29.394903,20.033173,22.4617084,75.488213,52.326103,63.694005000000004,25.481627383786847,1.9030497525224717,32.665456596655325,11.477246237473627,18,0.30000000000000004
2024-09-20,45,6,N,RNROB4,11,22.6,17.5,7.45,29.394903,20.033173,22.4617084,75.488213,52.326103,63.694005000000004,25.481627383786847,1.9030497525224717,32.665456596655325,11.477246237473627,15,0.2733333333333334
2024-09-24,1,1,W,RWGRB5,16,23.8,22.6,9.85,21.077497,17.494766,18.852833304347826,79.807129,65.702698,73.26219069565217,23.12120517160518,2.2502538889428094,53.80881708070601,13.18041447184675,18,0.29333333333333333
2024-09-24,2,1,W,RWGRA3,15,22.8,21.6,8.55,21.077497,17.494766,18.852833304347826,79.807129,65.702698,73.26219069565217,23.12120517160518,2.2502538889428094,53.80881708070601,13.18041447184675,19,0.28
2024-09-24,3,1,W,RWGRC1,16,24.5,21.2,9.65,21.077497,17.494766,18.852833304347826,79.807129,65.702698,73.26219069565217,23.12120517160518,2.2502538889428094,53.80881708070601,13.18041447184675,19,0.32666666666666666
2024-09-24,4,1,W,RWGRA2,13,22.9,22.8,10.15,21.077497,17.494766,18.852833304347826,79.807129,65.702698,73.26219069565217,23.12120517160518,2.2502538889428094,53.80881708070601,13.18041447184675,19,0.32
2024-09-24,5,1,W,RWGRB3,12,24.6,19.8,8.45,21.077497,17.494766,18.852833304347826,79.807129,65.702698,73.26219069565217,23.12120517160518,2.2502538889428094,53.80881708070601,13.18041447184675,19,0.30333333333333334
2024-09-24,6,1,W,RWGRA4,11,23.5,22.8,7.15,21.077497,17.494766,18.852833304347826,79.807129,65.702698,73.26219069565217,23.12120517160518,2.2502538889428094,53.80881708070601,13.18041447184675,16,0.31
2024-09-24,7,1,W,RWGRC3,16,23.5,21.4,7.55,21.077497,17.494766,18.852833304347826,79.807129,65.702698,73.26219069565217,23.12120517160518,2.2502538889428094,53.80881708070601,13.18041447184675,17,0.3133333333333333
2024-09-24,8,1,W,RWGRA5,14,20.8,20.3,8.45,21.077497,17.494766,18.852833304347826,79.807129,65.702698,73.26219069565217,23.12120517160518,2.2502538889428094,53.80881708070601,13.18041447184675,19,0.3233333333333333
2024-09-24,9,2,W,RWGRC2,15,27.8,23.1,8.65,21.077497,17.494766,18.852833304347826,79.807129,65.702698,73.26219069565217,23.12120517160518,2.2502538889428094,53.80881708070601,13.18041447184675,19,0.37000000000000005
2024-09-24,10,2,W,RWGRB4,15,30.4,27.6,10.15,21.077497,17.494766,18.852833304347826,79.807129,65.702698,73.26219069565217,23.12120517160518,2.2502538889428094,53.80881708070601,13.18041447184675,19,0.30000000000000004
2024-09-24,11,2,W,RWGRC5,15,27.1,23.1,9.95,21.077497,17.494766,18.852833304347826,79.807129,65.702698,73.26219069565217,23.12120517160518,2.2502538889428094,53.80881708070601,13.18041447184675,37,0.30666666666666664
2024-09-24,12,2,W,RWGRB1,16,30.4,26.1,9.95,21.077497,17.494766,18.852833304347826,79.807129,65.702698,73.26219069565217,23.12120517160518,2.2502538889428094,53.80881708070601,13.18041447184675,39,0.27666666666666667
2024-09-24,13,2,W,RWGRC4,15,22.1,23.9,8.55,21.077497,17.494766,18.852833304347826,79.807129,65.702698,73.26219069565217,23.12120517160518,2.2502538889428094,53.80881708070601,13.18041447184675,39,0.27666666666666667
2024-09-24,14,2,W,RWGRB2,9,21.3,20.8,6.65,21.077497,17.494766,18.852833304347826,79.807129,65.702698,73.26219069565217,23.12120517160518,2.2502538889428094,53.80881708070601,13.18041447184675,44,0.2866666666666667
2024-09-24,15,2,W,RWGRA1,13,23.2,24.3,9.65,21.077497,17.494766,18.852833304347826,79.807129,65.702698,73.26219069565217,23.12120517160518,2.2502538889428094,53.80881708070601,13.18041447184675,45,0.2733333333333334
2024-09-24,16,3,N,RNGRA3,14,28.5,25.7,13.55,21.077497,17.494766,18.852833304347826,79.807129,65.702698,73.26219069565217,23.12120517160518,2.2502538889428094,53.80881708070601,13.18041447184675,19,0.2933333333333334
2024-09-24,17,3,N,RNGRB5,16,27.4,28.3,11.35,21.077497,17.494766,18.852833304347826,79.807129,65.702698,73.26219069565217,23.12120517160518,2.2502538889428094,53.80881708070601,13.18041447184675,19,0.0
2024-09-24,18,3,N,RNGRC4,19,27.8,25.6,12.25,21.077497,17.494766,18.852833304347826,79.807129,65.702698,73.26219069565217,23.12120517160518,2.2502538889428094,53.80881708070601,13.18041447184675,19,0.26666666666666666
2024-09-24,19,3,N,RNGRA1,13,29.5,26.1,10.65,21.077497,17.494766,18.852833304347826,79.807129,65.702698,73.26219069565217,23.12120517160518,2.2502538889428094,53.80881708070601,13.18041447184675,37,0.30666666666666664
2024-09-24,20,3,N,RNGRC5,14,25.9,26.2,12.15,21.077497,17.494766,18.852833304347826,79.807129,65.702698,73.26219069565217,23.12120517160518,2.2502538889428094,53.80881708070601,13.18041447184675,37,0.29666666666666663
2024-09-24,21,3,N,RNGRB2,17,27.2,25.4,11.35,21.077497,17.494766,18.852833304347826,79.807129,65.702698,73.26219069565217,23.12120517160518,2.2502538889428094,53.80881708070601,13.18041447184675,39,0.30333333333333334
2024-09-24,22,3,N,RNGRA2,12,23.1,21.9,11.05,21.077497,17.494766,18.852833304347826,79.807129,65.702698,73.26219069565217,23.12120517160518,2.2502538889428094,53.80881708070601,13.18041447184675,39,0.2933333333333334
2024-09-24,23,4,N,RNROB2,11,22.3,18.2,9.55,21.077497,17.494766,18.852833304347826,79.807129,65.702698,73.26219069565217,23.12120517160518,2.2502538889428094,53.80881708070601,13.18041447184675,44,0.29000000000000004
2024-09-24,24,4,N,RNROC3,10,20.3,16.5,7.55,21.077497,17.494766,18.852833304347826,79.807129,65.702698,73.26219069565217,23.12120517160518,2.2502538889428094,53.80881708070601,13.18041447184675,17,0.32666666666666666
2024-09-24,25,4,N,RNROA5,8,19.4,15.6,8.55,21.077497,17.494766,18.852833304347826,79.807129,65.702698,73.26219069565217,23.12120517160518,2.2502538889428094,53.80881708070601,13.18041447184675,19,0.3666666666666667
2024-09-24,26,4,N,RNROC5,10,19.4,18.3,9.55,21.077497,17.494766,18.852833304347826,79.807129,65.702698,73.26219069565217,23.12120517160518,2.2502538889428094,53.80881708070601,13.18041447184675,19,0.3566666666666667
2024-09-24,27,4,N,RNROB3,10,19.3,16.4,9.55,21.077497,17.494766,18.852833304347826,79.807129,65.702698,73.26219069565217,23.12120517160518,2.2502538889428094,53.80881708070601,13.18041447184675,19,0.36000000000000004
2024-09-24,28,4,N,RNROA1,6,12.8,10.3,5.05,21.077497,17.494766,18.852833304347826,79.807129,65.702698,73.26219069565217,23.12120517160518,2.2502538889428094,53.80881708070601,13.18041447184675,19,0.21666666666666667
2024-09-24,29,4,N,RNROC1,10,20.3,20.9,9.55,21.077497,17.494766,18.852833304347826,79.807129,65.702698,73.26219069565217,23.12120517160518,2.2502538889428094,53.80881708070601,13.18041447184675,19,0.3133333333333333
2024-09-24,30,5,N,RNGRC1,16,27.6,23.4,11.35,21.077497,17.494766,18.852833304347826,79.807129,65.702698,73.26219069565217,23.12120517160518,2.2502538889428094,53.80881708070601,13.18041447184675,16,0.35333333333333333
2024-09-24,31,5,N,RNGRB3,18,30.6,23.4,12.35,21.077497,17.494766,18.852833304347826,79.807129,65.702698,73.26219069565217,23.12120517160518,2.2502538889428094,53.80881708070601,13.18041447184675,18,0.33
2024-09-24,32,5,N,RNGRA5,13,26.3,23.1,12.05,21.077497,17.494766,18.852833304347826,79.807129,65.702698,73.26219069565217,23.12120517160518,2.2502538889428094,53.80881708070601,13.18041447184675,19,0.3466666666666667
2024-09-24,33,5,N,RNGRB1,11,28.7,26.8,12.05,21.077497,17.494766,18.852833304347826,79.807129,65.702698,73.26219069565217,23.12120517160518,2.2502538889428094,53.80881708070601,13.18041447184675,19,0.2966666666666667
2024-09-24,34,5,N,RNGRC3,11,24.1,23.8,11.05,21.077497,17.494766,18.852833304347826,79.807129,65.702698,73.26219069565217,23.12120517160518,2.2502538889428094,53.80881708070601,13.18041447184675,19,0.31
2024-09-24,35,5,N,RNGRB4,15,22.9,22.6,12.45,21.077497,17.494766,18.852833304347826,79.807129,65.702698,73.26219069565217,23.12120517160518,2.2502538889428094,53.80881708070601,13.18041447184675,19,0.27666666666666667
2024-09-24,36,5,N,RNGRA4,11,22.6,19.5,13.05,21.077497,17.494766,18.852833304347826,79.807129,65.702698,73.26219069565217,23.12120517160518,2.2502538889428094,53.80881708070601,13.18041447184675,19,0.32
2024-09-24,37,5,N,RNGRC2,14,27.5,24.3,12.15,21.077497,17.494766,18.852833304347826,79.807129,65.702698,73.26219069565217,23.12120517160518,2.2502538889428094,53.80881708070601,13.18041447184675,19,0.33
2024-09-24,38,6,N,RNROB1,6,16.8,17.3,7.15,21.077497,17.494766,18.852833304347826,79.807129,65.702698,73.26219069565217,23.12120517160518,2.2502538889428094,53.80881708070601,13.18041447184675,18,0.31666666666666665
2024-09-24,39,6,N,RNROA4,13,20.5,19.3,10.65,21.077497,17.494766,18.852833304347826,79.807129,65.702698,73.26219069565217,23.12120517160518,2.2502538889428094,53.80881708070601,13.18041447184675,19,0.45
2024-09-24,40,6,N,RNROC2,10,20.7,19.8,9.95,21.077497,17.494766,18.852833304347826,79.807129,65.702698,73.26219069565217,23.12120517160518,2.2502538889428094,53.80881708070601,13.18041447184675,19,0.35666666666666663
2024-09-24,41,6,N,RNROA3,12,24.6,19.8,9.55,21.077497,17.494766,18.852833304347826,79.807129,65.702698,73.26219069565217,23.12120517160518,2.2502538889428094,53.80881708070601,13.18041447184675,19,0.38999999999999996
2024-09-24,42,6,N,RNROB5,10,23.4,17.2,9.85,21.077497,17.494766,18.852833304347826,79.807129,65.702698,73.26219069565217,23.12120517160518,2.2502538889428094,53.80881708070601,13.18041447184675,19,0.2733333333333334
2024-09-24,43,6,N,RNROA2,10,21.3,20.1,8.35,21.077497,17.494766,18.852833304347826,79.807129,65.702698,73.26219069565217,23.12120517160518,2.2502538889428094,53.80881708070601,13.18041447184675,37,0.32
2024-09-24,44,6,N,RNROC4,10,23.2,20.3,9.55,21.077497,17.494766,18.852833304347826,79.807129,65.702698,73.26219069565217,23.12120517160518,2.2502538889428094,53.80881708070601,13.18041447184675,37,0.36999999999999994
2024-09-24,45,6,N,RNROB4,12,22.1,20.4,9.05,21.077497,17.494766,18.852833304347826,79.807129,65.702698,73.26219069565217,23.12120517160518,2.2502538889428094,53.80881708070601,13.18041447184675,37,0.30666666666666664
2024-09-29,1,1,W,RWGRB5,13,26.2,21.5,12.55,29.544327,14.878392,20.220413173913045,79.986008,36.398739,62.772159086956506,20.295708957447182,1.392170128150607,71.84533788002797,7.66142242576596,39,0.26666666666666666
2024-09-29,2,1,W,RWGRA3,12,22.4,20.8,8.35,29.544327,14.878392,20.220413173913045,79.986008,36.398739,62.772159086956506,20.295708957447182,1.392170128150607,71.84533788002797,7.66142242576596,44,0.26666666666666666
2024-09-29,3,1,W,RWGRC1,13,22.7,19.9,8.65,29.544327,14.878392,20.220413173913045,79.986008,36.398739,62.772159086956506,20.295708957447182,1.392170128150607,71.84533788002797,7.66142242576596,19,0.3433333333333333
2024-09-29,4,1,W,RWGRA2,11,22.9,20.6,9.55,29.544327,14.878392,20.220413173913045,79.986008,36.398739,62.772159086956506,20.295708957447182,1.392170128150607,71.84533788002797,7.66142242576596,19,0.33666666666666667
2024-09-29,5,1,W,RWGRB3,9,22.4,19.3,8.55,29.544327,14.878392,20.220413173913045,79.986008,36.398739,62.772159086956506,20.295708957447182,1.392170128150607,71.84533788002797,7.66142242576596,19,0.39666666666666667
2024-09-29,6,1,W,RWGRA4,8,23.4,16.5,8.15,29.544327,14.878392,20.220413173913045,79.986008,36.398739,62.772159086956506,20.295708957447182,1.392170128150607,71.84533788002797,7.66142242576596,19,0.26666666666666666
2024-09-29,7,1,W,RWGRC3,12,24.1,17.5,8.05,29.544327,14.878392,20.220413173913045,79.986008,36.398739,62.772159086956506,20.295708957447182,1.392170128150607,71.84533788002797,7.66142242576596,19,0.37666666666666665
2024-09-29,8,1,W,RWGRA5,11,23.6,20.5,8.55,29.544327,14.878392,20.220413173913045,79.986008,36.398739,62.772159086956506,20.295708957447182,1.392170128150607,71.84533788002797,7.66142242576596,19,0.31000000000000005
2024-09-29,9,2,W,RWGRC2,10,27.6,25.3,8.15,29.544327,14.878392,20.220413173913045,79.986008,36.398739,62.772159086956506,20.295708957447182,1.392170128150607,71.84533788002797,7.66142242576596,19,0.45
2024-09-29,10,2,W,RWGRB4,15,30.6,30.5,11.05,29.544327,14.878392,20.220413173913045,79.986008,36.398739,62.772159086956506,20.295708957447182,1.392170128150607,71.84533788002797,7.66142242576596,19,0.2833333333333334
2024-09-29,11,2,W,RWGRC5,13,26.2,24.1,9.45,29.544327,14.878392,20.220413173913045,79.986008,36.398739,62.772159086956506,20.295708957447182,1.392170128150607,71.84533788002797,7.66142242576596,17,0.3033333333333333
2024-09-29,12,2,W,RWGRB1,10,23.8,27.2,12.15,29.544327,14.878392,20.220413173913045,79.986008,36.398739,62.772159086956506,20.295708957447182,1.392170128150607,71.84533788002797,7.66142242576596,18,0.31000000000000005
2024-09-29,13,2,W,RWGRC4,11,24.1,21.8,8.35,29.544327,14.878392,20.220413173913045,79.986008,36.398739,62.772159086956506,20.295708957447182,1.392170128150607,71.84533788002797,7.66142242576596,19,0.43333333333333335
2024-09-29,14,2,W,RWGRB2,7,19.9,19.8,6.45,29.544327,14.878392,20.220413173913045,79.986008,36.398739,62.772159086956506,20.295708957447182,1.392170128150607,71.84533788002797,7.66142242576596,19,0.36000000000000004
2024-09-29,15,2,W,RWGRA1,12,26.8,24.3,9.35,29.544327,14.878392,20.220413173913045,79.986008,36.398739,62.772159086956506,20.295708957447182,1.392170128150607,71.84533788002797,7.66142242576596,19,0.29
2024-09-29,16,3,N,RNGRA3,13,27.8,28.5,13.05,29.544327,14.878392,20.220413173913045,79.986008,36.398739,62.772159086956506,20.295708957447182,1.392170128150607,71.84533788002797,7.66142242576596,19,0.43
2024-09-29,17,3,N,RNGRB5,12,32.3,26.5,13.95,29.544327,14.878392,20.220413173913045,79.986008,36.398739,62.772159086956506,20.295708957447182,1.392170128150607,71.84533788002797,7.66142242576596,19,0.27666666666666667
2024-09-29,18,3,N,RNGRC4,13,28.4,23.2,10.25,29.544327,14.878392,20.220413173913045,79.986008,36.398739,62.772159086956506,20.295708957447182,1.392170128150607,71.84533788002797,7.66142242576596,19,0.4533333333333333
2024-09-29,19,3,N,RNGRA1,10,25.2,29.1,14.35,29.544327,14.878392,20.220413173913045,79.986008,36.398739,62.772159086956506,20.295708957447182,1.392170128150607,71.84533788002797,7.66142242576596,19,0.0
2024-09-29,20,3,N,RNGRC5,10,27.5,29.4,12.05,29.544327,14.878392,20.220413173913045,79.986008,36.398739,62.772159086956506,20.295708957447182,1.392170128150607,71.84533788002797,7.66142242576596,19,0.39999999999999997
2024-09-29,21,3,N,RNGRB2,11,30.4,29.3,11.55,29.544327,14.878392,20.220413173913045,79.986008,36.398739,62.772159086956506,20.295708957447182,1.392170128150607,71.84533788002797,7.66142242576596,19,0.2866666666666667
2024-09-29,22,3,N,RNGRA2,10,24.2,20.6,12.55,29.544327,14.878392,20.220413173913045,79.986008,36.398739,62.772159086956506,20.295708957447182,1.392170128150607,71.84533788002797,7.66142242576596,19,0.35333333333333333
2024-09-29,23,4,N,RNROB2,10,23.2,19.6,10.55,29.544327,14.878392,20.220413173913045,79.986008,36.398739,62.772159086956506,20.295708957447182,1.392170128150607,71.84533788002797,7.66142242576596,19,0.36333333333333334
2024-09-29,24,4,N,RNROC3,6,21.5,14.6,7.95,29.544327,14.878392,20.220413173913045,79.986008,36.398739,62.772159086956506,20.295708957447182,1.392170128150607,71.84533788002797,7.66142242576596,19,0.37333333333333335
2024-09-29,25,4,N,RNROA5,9,25.4,19.2,10.35,29.544327,14.878392,20.220413173913045,79.986008,36.398739,62.772159086956506,20.295708957447182,1.392170128150607,71.84533788002797,7.66142242576596,19,0.29000000000000004
2024-09-29,26,4,N,RNROC5,6,23.2,21.4,8.35,29.544327,14.878392,20.220413173913045,79.986008,36.398739,62.772159086956506,20.295708957447182,1.392170128150607,71.84533788002797,7.66142242576596,19,0.35333333333333333
2024-09-29,27,4,N,RNROB3,8,24.5,21.7,10.35,29.544327,14.878392,20.220413173913045,79.986008,36.398739,62.772159086956506,20.295708957447182,1.392170128150607,71.84533788002797,7.66142242576596,13,0.31666666666666665
2024-09-29,28,4,N,RNROA1,6,13.5,10.3,8.95,29.544327,14.878392,20.220413173913045,79.986008,36.398739,62.772159086956506,20.295708957447182,1.392170128150607,71.84533788002797,7.66142242576596,14,0.28
2024-09-29,29,4,N,RNROC1,6,25.2,19.5,9.25,29.544327,14.878392,20.220413173913045,79.986008,36.398739,62.772159086956506,20.295708957447182,1.392170128150607,71.84533788002797,7.66142242576596,15,0.3499999999999999
2024-09-29,30,5,N,RNGRC1,11,30.3,27.2,10.15,29.544327,14.878392,20.220413173913045,79.986008,36.398739,62.772159086956506,20.295708957447182,1.392170128150607,71.84533788002797,7.66142242576596,16,0.33
2024-09-29,31,5,N,RNGRB3,9,30.7,25.2,12.55,29.544327,14.878392,20.220413173913045,79.986008,36.398739,62.772159086956506,20.295708957447182,1.392170128150607,71.84533788002797,7.66142242576596,16,0.2733333333333333
2024-09-29,32,5,N,RNGRA5,6,19.2,14.1,13.45,29.544327,14.878392,20.220413173913045,79.986008,36.398739,62.772159086956506,20.295708957447182,1.392170128150607,71.84533788002797,7.66142242576596,16,0.23666666666666666
2024-09-29,33,5,N,RNGRB1,8,27.2,21.4,11.35,29.544327,14.878392,20.220413173913045,79.986008,36.398739,62.772159086956506,20.295708957447182,1.392170128150607,71.84533788002797,7.66142242576596,16,0.27
2024-09-29,34,5,N,RNGRC3,10,32.5,23.2,11.55,29.544327,14.878392,20.220413173913045,79.986008,36.398739,62.772159086956506,20.295708957447182,1.392170128150607,71.84533788002797,7.66142242576596,17,0.25666666666666665
2024-09-29,35,5,N,RNGRB4,9,30.3,21.4,11.35,29.544327,14.878392,20.220413173913045,79.986008,36.398739,62.772159086956506,20.295708957447182,1.392170128150607,71.84533788002797,7.66142242576596,16,0.27666666666666667
2024-09-29,36,5,N,RNGRA4,10,30.3,25.6,13.25,29.544327,14.878392,20.220413173913045,79.986008,36.398739,62.772159086956506,20.295708957447182,1.392170128150607,71.84533788002797,7.66142242576596,18,0.2833333333333334
2024-09-29,37,5,N,RNGRC2,10,30.6,29.2,8.15,29.544327,14.878392,20.220413173913045,79.986008,36.398739,62.772159086956506,20.295708957447182,1.392170128150607,71.84533788002797,7.66142242576596,19,0.30000000000000004
2024-09-29,38,6,N,RNROB1,6,22.3,14.5,8.95,29.544327,14.878392,20.220413173913045,79.986008,36.398739,62.772159086956506,20.295708957447182,1.392170128150607,71.84533788002797,7.66142242576596,19,0.32
2024-09-29,39,6,N,RNROA4,9,20.5,22.1,10.05,29.544327,14.878392,20.220413173913045,79.986008,36.398739,62.772159086956506,20.295708957447182,1.392170128150607,71.84533788002797,7.66142242576596,19,0.37333333333333335
2024-09-29,40,6,N,RNROC2,7,24.1,20.2,7.35,29.544327,14.878392,20.220413173913045,79.986008,36.398739,62.772159086956506,20.295708957447182,1.392170128150607,71.84533788002797,7.66142242576596,19,0.3333333333333333
2024-09-29,41,6,N,RNROA3,10,25.3,23.8,7.25,29.544327,14.878392,20.220413173913045,79.986008,36.398739,62.772159086956506,20.295708957447182,1.392170128150607,71.84533788002797,7.66142242576596,19,0.27
2024-09-29,42,6,N,RNROB5,6,25.1,20.8,11.25,29.544327,14.878392,20.220413173913045,79.986008,36.398739,62.772159086956506,20.295708957447182,1.392170128150607,71.84533788002797,7.66142242576596,19,0.0
2024-09-29,43,6,N,RNROA2,9,22.3,20.2,7.65,29.544327,14.878392,20.220413173913045,79.986008,36.398739,62.772159086956506,20.295708957447182,1.392170128150607,71.84533788002797,7.66142242576596,17,0.28
2024-09-29,44,6,N,RNROC4,9,27.3,25.2,11.35,29.544327,14.878392,20.220413173913045,79.986008,36.398739,62.772159086956506,20.295708957447182,1.392170128150607,71.84533788002797,7.66142242576596,19,0.36000000000000004
2024-09-29,45,6,N,RNROB4,9,19.5,23.4,8.55,29.544327,14.878392,20.220413173913045,79.986008,36.398739,62.772159086956506,20.295708957447182,1.392170128150607,71.84533788002797,7.66142242576596,19,0.4066666666666667
2024-10-03,1,1,W,RWGRB5,16,28.5,26.4,11.55,21.758629,18.687616,19.879193,87.61628,81.984047,86.34922226666666,20.40900542446593,0.7938399089355415,72.25144686240118,7.783231491559126,19,0.22999999999999998
2024-10-03,2,1,W,RWGRA3,14,23.5,24.2,11.15,21.758629,18.687616,19.879193,87.61628,81.984047,86.34922226666666,20.40900542446593,0.7938399089355415,72.25144686240118,7.783231491559126,19,0.29750000000000004
2024-10-03,3,1,W,RWGRC1,16,23.6,21.7,8.55,21.758629,18.687616,19.879193,87.61628,81.984047,86.34922226666666,20.40900542446593,0.7938399089355415,72.25144686240118,7.783231491559126,19,0.352
2024-10-03,4,1,W,RWGRA2,15,24.8,23.6,11.55,21.758629,18.687616,19.879193,87.61628,81.984047,86.34922226666666,20.40900542446593,0.7938399089355415,72.25144686240118,7.783231491559126,17,0.29000000000000004
2024-10-03,5,1,W,RWGRB3,12,23.5,20.4,9.05,21.758629,18.687616,19.879193,87.61628,81.984047,86.34922226666666,20.40900542446593,0.7938399089355415,72.25144686240118,7.783231491559126,19,0.29500000000000004
2024-10-03,6,1,W,RWGRA4,10,24.5,18.4,8.85,21.758629,18.687616,19.879193,87.61628,81.984047,86.34922226666666,20.40900542446593,0.7938399089355415,72.25144686240118,7.783231491559126,15,0.32
2024-10-03,7,1,W,RWGRC3,16,23.6,23.8,8.55,21.758629,18.687616,19.879193,87.61628,81.984047,86.34922226666666,20.40900542446593,0.7938399089355415,72.25144686240118,7.783231491559126,18,0.335
2024-10-03,8,1,W,RWGRA5,15,24.8,26.2,10.25,21.758629,18.687616,19.879193,87.61628,81.984047,86.34922226666666,20.40900542446593,0.7938399089355415,72.25144686240118,7.783231491559126,19,0.27
2024-10-03,9,2,W,RWGRC2,12,28.6,27.4,13.75,21.758629,18.687616,19.879193,87.61628,81.984047,86.34922226666666,20.40900542446593,0.7938399089355415,72.25144686240118,7.783231491559126,19,0.31000000000000005
2024-10-03,10,2,W,RWGRB4,15,33.1,29.6,13.25,21.758629,18.687616,19.879193,87.61628,81.984047,86.34922226666666,20.40900542446593,0.7938399089355415,72.25144686240118,7.783231491559126,19,0.335
2024-10-03,11,2,W,RWGRC5,16,27.8,25.6,15.15,21.758629,18.687616,19.879193,87.61628,81.984047,86.34922226666666,20.40900542446593,0.7938399089355415,72.25144686240118,7.783231491559126,19,0.335
2024-10-03,12,2,W,RWGRB1,14,30.4,24.8,11.85,21.758629,18.687616,19.879193,87.61628,81.984047,86.34922226666666,20.40900542446593,0.7938399089355415,72.25144686240118,7.783231491559126,19,0.28
2024-10-03,13,2,W,RWGRC4,11,27.6,26.8,7.15,21.758629,18.687616,19.879193,87.61628,81.984047,86.34922226666666,20.40900542446593,0.7938399089355415,72.25144686240118,7.783231491559126,19,0.29750000000000004
2024-10-03,14,2,W,RWGRB2,10,22.4,21.5,7.05,21.758629,18.687616,19.879193,87.61628,81.984047,86.34922226666666,20.40900542446593,0.7938399089355415,72.25144686240118,7.783231491559126,13,0.2675
2024-10-03,15,2,W,RWGRA1,15,26.7,27.5,8.35,21.758629,18.687616,19.879193,87.61628,81.984047,86.34922226666666,20.40900542446593,0.7938399089355415,72.25144686240118,7.783231491559126,16,0.28750000000000003
2024-10-03,16,3,N,RNGRA3,16,31.4,30.6,11.45,21.758629,18.687616,19.879193,87.61628,81.984047,86.34922226666666,20.40900542446593,0.7938399089355415,72.25144686240118,7.783231491559126,18,0.264
2024-10-03,17,3,N,RNGRB5,15,31.7,33.1,13.95,21.758629,18.687616,19.879193,87.61628,81.984047,86.34922226666666,20.40900542446593,0.7938399089355415,72.25144686240118,7.783231491559126,19,0.2425
2024-10-03,18,3,N,RNGRC4,16,27.6,26.2,12.15,21.758629,18.687616,19.879193,87.61628,81.984047,86.34922226666666,20.40900542446593,0.7938399089355415,72.25144686240118,7.783231491559126,19,0.29
2024-10-03,19,3,N,RNGRA1,15,29.1,20.6,11.25,21.758629,18.687616,19.879193,87.61628,81.984047,86.34922226666666,20.40900542446593,0.7938399089355415,72.25144686240118,7.783231491559126,19,0.265
2024-10-03,20,3,N,RNGRC5,14,31.2,29.3,11.55,21.758629,18.687616,19.879193,87.61628,81.984047,86.34922226666666,20.40900542446593,0.7938399089355415,72.25144686240118,7.783231491559126,16,0.2675
2024-10-03,21,3,N,RNGRB2,15,30.5,29.8,12.35,21.758629,18.687616,19.879193,87.61628,81.984047,86.34922226666666,20.40900542446593,0.7938399089355415,72.25144686240118,7.783231491559126,17,0.278
2024-10-03,22,3,N,RNGRA2,13,30.1,26.6,12.05,21.758629,18.687616,19.879193,87.61628,81.984047,86.34922226666666,20.40900542446593,0.7938399089355415,72.25144686240118,7.783231491559126,16,0.28750000000000003
2024-10-03,23,4,N,RNROB2,11,24.7,21.6,11.05,21.758629,18.687616,19.879193,87.61628,81.984047,86.34922226666666,20.40900542446593,0.7938399089355415,72.25144686240118,7.783231491559126,17,0.35
2024-10-03,24,4,N,RNROC3,7,21.4,15.1,9.85,21.758629,18.687616,19.879193,87.61628,81.984047,86.34922226666666,20.40900542446593,0.7938399089355415,72.25144686240118,7.783231491559126,19,0.345
2024-10-03,25,4,N,RNROA5,8,24.2,19.8,9.55,21.758629,18.687616,19.879193,87.61628,81.984047,86.34922226666666,20.40900542446593,0.7938399089355415,72.25144686240118,7.783231491559126,19,0.36750000000000005
2024-10-03,26,4,N,RNROC5,7,23.4,20.6,9.35,21.758629,18.687616,19.879193,87.61628,81.984047,86.34922226666666,20.40900542446593,0.7938399089355415,72.25144686240118,7.783231491559126,18,0.3475
2024-10-03,27,4,N,RNROB3,10,26.4,17.5,9.25,21.758629,18.687616,19.879193,87.61628,81.984047,86.34922226666666,20.40900542446593,0.7938399089355415,72.25144686240118,7.783231491559126,19,0.28
2024-10-03,28,4,N,RNROA1,8,16.8,14.5,7.35,21.758629,18.687616,19.879193,87.61628,81.984047,86.34922226666666,20.40900542446593,0.7938399089355415,72.25144686240118,7.783231491559126,19,0.29000000000000004
2024-10-03,29,4,N,RNROC1,7,27.1,18.8,7.15,21.758629,18.687616,19.879193,87.61628,81.984047,86.34922226666666,20.40900542446593,0.7938399089355415,72.25144686240118,7.783231491559126,19,0.435
2024-10-03,30,5,N,RNGRC1,15,34.5,29.6,11.15,21.758629,18.687616,19.879193,87.61628,81.984047,86.34922226666666,20.40900542446593,0.7938399089355415,72.25144686240118,7.783231491559126,16,0.30000000000000004
2024-10-03,31,5,N,RNGRB3,11,32.4,31.7,15.35,21.758629,18.687616,19.879193,87.61628,81.984047,86.34922226666666,20.40900542446593,0.7938399089355415,72.25144686240118,7.783231491559126,18,0.2775
2024-10-03,32,5,N,RNGRA5,8,29.1,19.2,11.85,21.758629,18.687616,19.879193,87.61628,81.984047,86.34922226666666,20.40900542446593,0.7938399089355415,72.25144686240118,7.783231491559126,19,0.28
2024-10-03,33,5,N,RNGRB1,10,26.8,29.2,12.15,21.758629,18.687616,19.879193,87.61628,81.984047,86.34922226666666,20.40900542446593,0.7938399089355415,72.25144686240118,7.783231491559126,19,0.275
2024-10-03,34,5,N,RNGRC3,13,30.1,24.5,11.35,21.758629,18.687616,19.879193,87.61628,81.984047,86.34922226666666,20.40900542446593,0.7938399089355415,72.25144686240118,7.783231491559126,19,0.305
2024-10-03,35,5,N,RNGRB4,12,29.2,22.5,11.35,21.758629,18.687616,19.879193,87.61628,81.984047,86.34922226666666,20.40900542446593,0.7938399089355415,72.25144686240118,7.783231491559126,19,0.2675
2024-10-03,36,5,N,RNGRA4,13,25.6,33.4,12.95,21.758629,18.687616,19.879193,87.61628,81.984047,86.34922226666666,20.40900542446593,0.7938399089355415,72.25144686240118,7.783231491559126,19,0.255
2024-10-03,37,5,N,RNGRC2,12,30.2,26.6,9.15,21.758629,18.687616,19.879193,87.61628,81.984047,86.34922226666666,20.40900542446593,0.7938399089355415,72.25144686240118,7.783231491559126,19,0.29250000000000004
2024-10-03,38,6,N,RNROB1,7,16.1,22.6,10.35,21.758629,18.687616,19.879193,87.61628,81.984047,86.34922226666666,20.40900542446593,0.7938399089355415,72.25144686240118,7.783231491559126,17,0.395
2024-10-03,39,6,N,RNROA4,10,21.7,19.2,10.35,21.758629,18.687616,19.879193,87.61628,81.984047,86.34922226666666,20.40900542446593,0.7938399089355415,72.25144686240118,7.783231491559126,18,0.35250000000000004
2024-10-03,40,6,N,RNROC2,9,22.5,19.8,9.05,21.758629,18.687616,19.879193,87.61628,81.984047,86.34922226666666,20.40900542446593,0.7938399089355415,72.25144686240118,7.783231491559126,19,0.3575
2024-10-03,41,6,N,RNROA3,11,26.8,24.5,10.15,21.758629,18.687616,19.879193,87.61628,81.984047,86.34922226666666,20.40900542446593,0.7938399089355415,72.25144686240118,7.783231491559126,19,0.325
2024-10-03,42,6,N,RNROB5,7,30.1,22.6,11.85,21.758629,18.687616,19.879193,87.61628,81.984047,86.34922226666666,20.40900542446593,0.7938399089355415,72.25144686240118,7.783231491559126,19,0.32000000000000006
2024-10-03,43,6,N,RNROA2,11,22.8,20.5,10.35,21.758629,18.687616,19.879193,87.61628,81.984047,86.34922226666666,20.40900542446593,0.7938399089355415,72.25144686240118,7.783231491559126,19,0.36500000000000005
2024-10-03,44,6,N,RNROC4,10,30.5,26.2,11.55,21.758629,18.687616,19.879193,87.61628,81.984047,86.34922226666666,20.40900542446593,0.7938399089355415,72.25144686240118,7.783231491559126,19,0.35
2024-10-03,45,6,N,RNROB4,11,20.6,23.1,9.95,21.758629,18.687616,19.879193,87.61628,81.984047,86.34922226666666,20.40900542446593,0.7938399089355415,72.25144686240118,7.783231491559126,19,0.38250000000000006
